0,/Users/greg/Documents/mit/scifi/lawyer/code/disco/data/emails/cuilla-m/10_fantasy/1.
0,/Users/greg/Documents/mit/scifi/lawyer/code/disco/data/emails/cuilla-m/10_fantasy/10.
0,/Users/greg/Documents/mit/scifi/lawyer/code/disco/data/emails/cuilla-m/10_fantasy/11.
0,/Users/greg/Documents/mit/scifi/lawyer/code/disco/data/emails/cuilla-m/10_fantasy/12.
0,/Users/greg/Documents/mit/scifi/lawyer/code/disco/data/emails/cuilla-m/10_fantasy/13.
0,/Users/greg/Documents/mit/scifi/lawyer/code/disco/data/emails/cuilla-m/10_fantasy/14.
0,/Users/greg/Documents/mit/scifi/lawyer/code/disco/data/emails/cuilla-m/10_fantasy/15.
0,/Users/greg/Documents/mit/scifi/lawyer/code/disco/data/emails/cuilla-m/10_fantasy/16.
0,/Users/greg/Documents/mit/scifi/lawyer/code/disco/data/emails/cuilla-m/10_fantasy/17.
0,/Users/greg/Documents/mit/scifi/lawyer/code/disco/data/emails/cuilla-m/10_fantasy/18.
0,/Users/greg/Documents/mit/scifi/lawyer/code/disco/data/emails/cuilla-m/10_fantasy/19.
0,/Users/greg/Documents/mit/scifi/lawyer/code/disco/data/emails/cuilla-m/10_fantasy/2.
0,/Users/greg/Documents/mit/scifi/lawyer/code/disco/data/emails/cuilla-m/10_fantasy/20.
0,/Users/greg/Documents/mit/scifi/lawyer/code/disco/data/emails/cuilla-m/10_fantasy/21.
0,/Users/greg/Documents/mit/scifi/lawyer/code/disco/data/emails/cuilla-m/10_fantasy/22.
0,/Users/greg/Documents/mit/scifi/lawyer/code/disco/data/emails/cuilla-m/10_fantasy/23.
0,/Users/greg/Documents/mit/scifi/lawyer/code/disco/data/emails/cuilla-m/10_fantasy/24.
0,/Users/greg/Documents/mit/scifi/lawyer/code/disco/data/emails/cuilla-m/10_fantasy/25.
0,/Users/greg/Documents/mit/scifi/lawyer/code/disco/data/emails/cuilla-m/10_fantasy/26.
0,/Users/greg/Documents/mit/scifi/lawyer/code/disco/data/emails/cuilla-m/10_fantasy/27.
0,/Users/greg/Documents/mit/scifi/lawyer/code/disco/data/emails/cuilla-m/10_fantasy/28.
0,/Users/greg/Documents/mit/scifi/lawyer/code/disco/data/emails/cuilla-m/10_fantasy/29.
0,/Users/greg/Documents/mit/scifi/lawyer/code/disco/data/emails/cuilla-m/10_fantasy/3.
0,/Users/greg/Documents/mit/scifi/lawyer/code/disco/data/emails/cuilla-m/10_fantasy/30.
0,/Users/greg/Documents/mit/scifi/lawyer/code/disco/data/emails/cuilla-m/10_fantasy/31.
0,/Users/greg/Documents/mit/scifi/lawyer/code/disco/data/emails/cuilla-m/10_fantasy/32.
0,/Users/greg/Documents/mit/scifi/lawyer/code/disco/data/emails/cuilla-m/10_fantasy/33.
0,/Users/greg/Documents/mit/scifi/lawyer/code/disco/data/emails/cuilla-m/10_fantasy/34.
0,/Users/greg/Documents/mit/scifi/lawyer/code/disco/data/emails/cuilla-m/10_fantasy/35.
0,/Users/greg/Documents/mit/scifi/lawyer/code/disco/data/emails/cuilla-m/10_fantasy/36.
0,/Users/greg/Documents/mit/scifi/lawyer/code/disco/data/emails/cuilla-m/10_fantasy/37.
0,/Users/greg/Documents/mit/scifi/lawyer/code/disco/data/emails/cuilla-m/10_fantasy/38.
0,/Users/greg/Documents/mit/scifi/lawyer/code/disco/data/emails/cuilla-m/10_fantasy/39.
0,/Users/greg/Documents/mit/scifi/lawyer/code/disco/data/emails/cuilla-m/10_fantasy/4.
0,/Users/greg/Documents/mit/scifi/lawyer/code/disco/data/emails/cuilla-m/10_fantasy/40.
0,/Users/greg/Documents/mit/scifi/lawyer/code/disco/data/emails/cuilla-m/10_fantasy/41.
0,/Users/greg/Documents/mit/scifi/lawyer/code/disco/data/emails/cuilla-m/10_fantasy/42.
0,/Users/greg/Documents/mit/scifi/lawyer/code/disco/data/emails/cuilla-m/10_fantasy/43.
0,/Users/greg/Documents/mit/scifi/lawyer/code/disco/data/emails/cuilla-m/10_fantasy/44.
0,/Users/greg/Documents/mit/scifi/lawyer/code/disco/data/emails/cuilla-m/10_fantasy/45.
0,/Users/greg/Documents/mit/scifi/lawyer/code/disco/data/emails/cuilla-m/10_fantasy/46.
0,/Users/greg/Documents/mit/scifi/lawyer/code/disco/data/emails/cuilla-m/10_fantasy/5.
0,/Users/greg/Documents/mit/scifi/lawyer/code/disco/data/emails/cuilla-m/10_fantasy/6.
0,/Users/greg/Documents/mit/scifi/lawyer/code/disco/data/emails/cuilla-m/10_fantasy/7.
0,/Users/greg/Documents/mit/scifi/lawyer/code/disco/data/emails/cuilla-m/10_fantasy/8.
0,/Users/greg/Documents/mit/scifi/lawyer/code/disco/data/emails/cuilla-m/10_fantasy/9.
0,/Users/greg/Documents/mit/scifi/lawyer/code/disco/data/emails/cuilla-m/10_fantasy/requests/1.
0,/Users/greg/Documents/mit/scifi/lawyer/code/disco/data/emails/cuilla-m/10_fantasy/requests/10.
0,/Users/greg/Documents/mit/scifi/lawyer/code/disco/data/emails/cuilla-m/10_fantasy/requests/11.
0,/Users/greg/Documents/mit/scifi/lawyer/code/disco/data/emails/cuilla-m/10_fantasy/requests/12.
0,/Users/greg/Documents/mit/scifi/lawyer/code/disco/data/emails/cuilla-m/10_fantasy/requests/2.
0,/Users/greg/Documents/mit/scifi/lawyer/code/disco/data/emails/cuilla-m/10_fantasy/requests/3.
0,/Users/greg/Documents/mit/scifi/lawyer/code/disco/data/emails/cuilla-m/10_fantasy/requests/4.
0,/Users/greg/Documents/mit/scifi/lawyer/code/disco/data/emails/cuilla-m/10_fantasy/requests/5.
0,/Users/greg/Documents/mit/scifi/lawyer/code/disco/data/emails/cuilla-m/10_fantasy/requests/6.
0,/Users/greg/Documents/mit/scifi/lawyer/code/disco/data/emails/cuilla-m/10_fantasy/requests/7.
0,/Users/greg/Documents/mit/scifi/lawyer/code/disco/data/emails/cuilla-m/10_fantasy/requests/8.
0,/Users/greg/Documents/mit/scifi/lawyer/code/disco/data/emails/cuilla-m/10_fantasy/requests/9.
0,/Users/greg/Documents/mit/scifi/lawyer/code/disco/data/emails/cuilla-m/12_fantasy/1.
0,/Users/greg/Documents/mit/scifi/lawyer/code/disco/data/emails/cuilla-m/12_fantasy/2.
0,/Users/greg/Documents/mit/scifi/lawyer/code/disco/data/emails/cuilla-m/12_fantasy/3.
0,/Users/greg/Documents/mit/scifi/lawyer/code/disco/data/emails/cuilla-m/12_fantasy/4.
0,/Users/greg/Documents/mit/scifi/lawyer/code/disco/data/emails/cuilla-m/12_fantasy/5.
0,/Users/greg/Documents/mit/scifi/lawyer/code/disco/data/emails/cuilla-m/12_fantasy/6.
0,/Users/greg/Documents/mit/scifi/lawyer/code/disco/data/emails/cuilla-m/12_fantasy/7.
0,/Users/greg/Documents/mit/scifi/lawyer/code/disco/data/emails/cuilla-m/_sent_mail/1.
1,/Users/greg/Documents/mit/scifi/lawyer/code/disco/data/emails/cuilla-m/_sent_mail/10.
0,/Users/greg/Documents/mit/scifi/lawyer/code/disco/data/emails/cuilla-m/_sent_mail/11.
0,/Users/greg/Documents/mit/scifi/lawyer/code/disco/data/emails/cuilla-m/_sent_mail/12.
0,/Users/greg/Documents/mit/scifi/lawyer/code/disco/data/emails/cuilla-m/_sent_mail/13.
0,/Users/greg/Documents/mit/scifi/lawyer/code/disco/data/emails/cuilla-m/_sent_mail/14.
0,/Users/greg/Documents/mit/scifi/lawyer/code/disco/data/emails/cuilla-m/_sent_mail/15.
0,/Users/greg/Documents/mit/scifi/lawyer/code/disco/data/emails/cuilla-m/_sent_mail/16.
1,/Users/greg/Documents/mit/scifi/lawyer/code/disco/data/emails/cuilla-m/_sent_mail/2.
0,/Users/greg/Documents/mit/scifi/lawyer/code/disco/data/emails/cuilla-m/_sent_mail/3.
0,/Users/greg/Documents/mit/scifi/lawyer/code/disco/data/emails/cuilla-m/_sent_mail/4.
0,/Users/greg/Documents/mit/scifi/lawyer/code/disco/data/emails/cuilla-m/_sent_mail/5.
0,/Users/greg/Documents/mit/scifi/lawyer/code/disco/data/emails/cuilla-m/_sent_mail/6.
0,/Users/greg/Documents/mit/scifi/lawyer/code/disco/data/emails/cuilla-m/_sent_mail/7.
0,/Users/greg/Documents/mit/scifi/lawyer/code/disco/data/emails/cuilla-m/_sent_mail/8.
0,/Users/greg/Documents/mit/scifi/lawyer/code/disco/data/emails/cuilla-m/_sent_mail/9.
0,/Users/greg/Documents/mit/scifi/lawyer/code/disco/data/emails/cuilla-m/all_documents/1.
0,/Users/greg/Documents/mit/scifi/lawyer/code/disco/data/emails/cuilla-m/all_documents/10.
0,/Users/greg/Documents/mit/scifi/lawyer/code/disco/data/emails/cuilla-m/all_documents/100.
0,/Users/greg/Documents/mit/scifi/lawyer/code/disco/data/emails/cuilla-m/all_documents/101.
0,/Users/greg/Documents/mit/scifi/lawyer/code/disco/data/emails/cuilla-m/all_documents/102.
0,/Users/greg/Documents/mit/scifi/lawyer/code/disco/data/emails/cuilla-m/all_documents/103.
0,/Users/greg/Documents/mit/scifi/lawyer/code/disco/data/emails/cuilla-m/all_documents/104.
0,/Users/greg/Documents/mit/scifi/lawyer/code/disco/data/emails/cuilla-m/all_documents/105.
0,/Users/greg/Documents/mit/scifi/lawyer/code/disco/data/emails/cuilla-m/all_documents/106.
0,/Users/greg/Documents/mit/scifi/lawyer/code/disco/data/emails/cuilla-m/all_documents/107.
0,/Users/greg/Documents/mit/scifi/lawyer/code/disco/data/emails/cuilla-m/all_documents/108.
0,/Users/greg/Documents/mit/scifi/lawyer/code/disco/data/emails/cuilla-m/all_documents/109.
0,/Users/greg/Documents/mit/scifi/lawyer/code/disco/data/emails/cuilla-m/all_documents/11.
0,/Users/greg/Documents/mit/scifi/lawyer/code/disco/data/emails/cuilla-m/all_documents/110.
0,/Users/greg/Documents/mit/scifi/lawyer/code/disco/data/emails/cuilla-m/all_documents/111.
0,/Users/greg/Documents/mit/scifi/lawyer/code/disco/data/emails/cuilla-m/all_documents/112.
0,/Users/greg/Documents/mit/scifi/lawyer/code/disco/data/emails/cuilla-m/all_documents/113.
0,/Users/greg/Documents/mit/scifi/lawyer/code/disco/data/emails/cuilla-m/all_documents/114.
0,/Users/greg/Documents/mit/scifi/lawyer/code/disco/data/emails/cuilla-m/all_documents/115.
0,/Users/greg/Documents/mit/scifi/lawyer/code/disco/data/emails/cuilla-m/all_documents/116.
0,/Users/greg/Documents/mit/scifi/lawyer/code/disco/data/emails/cuilla-m/all_documents/117.
0,/Users/greg/Documents/mit/scifi/lawyer/code/disco/data/emails/cuilla-m/all_documents/118.
0,/Users/greg/Documents/mit/scifi/lawyer/code/disco/data/emails/cuilla-m/all_documents/119.
0,/Users/greg/Documents/mit/scifi/lawyer/code/disco/data/emails/cuilla-m/all_documents/12.
0,/Users/greg/Documents/mit/scifi/lawyer/code/disco/data/emails/cuilla-m/all_documents/120.
0,/Users/greg/Documents/mit/scifi/lawyer/code/disco/data/emails/cuilla-m/all_documents/121.
0,/Users/greg/Documents/mit/scifi/lawyer/code/disco/data/emails/cuilla-m/all_documents/122.
0,/Users/greg/Documents/mit/scifi/lawyer/code/disco/data/emails/cuilla-m/all_documents/123.
0,/Users/greg/Documents/mit/scifi/lawyer/code/disco/data/emails/cuilla-m/all_documents/124.
0,/Users/greg/Documents/mit/scifi/lawyer/code/disco/data/emails/cuilla-m/all_documents/125.
0,/Users/greg/Documents/mit/scifi/lawyer/code/disco/data/emails/cuilla-m/all_documents/126.
0,/Users/greg/Documents/mit/scifi/lawyer/code/disco/data/emails/cuilla-m/all_documents/127.
0,/Users/greg/Documents/mit/scifi/lawyer/code/disco/data/emails/cuilla-m/all_documents/128.
0,/Users/greg/Documents/mit/scifi/lawyer/code/disco/data/emails/cuilla-m/all_documents/129.
0,/Users/greg/Documents/mit/scifi/lawyer/code/disco/data/emails/cuilla-m/all_documents/13.
0,/Users/greg/Documents/mit/scifi/lawyer/code/disco/data/emails/cuilla-m/all_documents/130.
0,/Users/greg/Documents/mit/scifi/lawyer/code/disco/data/emails/cuilla-m/all_documents/131.
0,/Users/greg/Documents/mit/scifi/lawyer/code/disco/data/emails/cuilla-m/all_documents/132.
0,/Users/greg/Documents/mit/scifi/lawyer/code/disco/data/emails/cuilla-m/all_documents/133.
0,/Users/greg/Documents/mit/scifi/lawyer/code/disco/data/emails/cuilla-m/all_documents/134.
0,/Users/greg/Documents/mit/scifi/lawyer/code/disco/data/emails/cuilla-m/all_documents/135.
0,/Users/greg/Documents/mit/scifi/lawyer/code/disco/data/emails/cuilla-m/all_documents/136.
0,/Users/greg/Documents/mit/scifi/lawyer/code/disco/data/emails/cuilla-m/all_documents/137.
0,/Users/greg/Documents/mit/scifi/lawyer/code/disco/data/emails/cuilla-m/all_documents/14.
0,/Users/greg/Documents/mit/scifi/lawyer/code/disco/data/emails/cuilla-m/all_documents/140.
0,/Users/greg/Documents/mit/scifi/lawyer/code/disco/data/emails/cuilla-m/all_documents/141.
0,/Users/greg/Documents/mit/scifi/lawyer/code/disco/data/emails/cuilla-m/all_documents/142.
0,/Users/greg/Documents/mit/scifi/lawyer/code/disco/data/emails/cuilla-m/all_documents/143.
0,/Users/greg/Documents/mit/scifi/lawyer/code/disco/data/emails/cuilla-m/all_documents/144.
0,/Users/greg/Documents/mit/scifi/lawyer/code/disco/data/emails/cuilla-m/all_documents/145.
0,/Users/greg/Documents/mit/scifi/lawyer/code/disco/data/emails/cuilla-m/all_documents/146.
0,/Users/greg/Documents/mit/scifi/lawyer/code/disco/data/emails/cuilla-m/all_documents/147.
0,/Users/greg/Documents/mit/scifi/lawyer/code/disco/data/emails/cuilla-m/all_documents/148.
0,/Users/greg/Documents/mit/scifi/lawyer/code/disco/data/emails/cuilla-m/all_documents/149.
0,/Users/greg/Documents/mit/scifi/lawyer/code/disco/data/emails/cuilla-m/all_documents/15.
0,/Users/greg/Documents/mit/scifi/lawyer/code/disco/data/emails/cuilla-m/all_documents/150.
0,/Users/greg/Documents/mit/scifi/lawyer/code/disco/data/emails/cuilla-m/all_documents/151.
0,/Users/greg/Documents/mit/scifi/lawyer/code/disco/data/emails/cuilla-m/all_documents/152.
0,/Users/greg/Documents/mit/scifi/lawyer/code/disco/data/emails/cuilla-m/all_documents/153.
0,/Users/greg/Documents/mit/scifi/lawyer/code/disco/data/emails/cuilla-m/all_documents/154.
0,/Users/greg/Documents/mit/scifi/lawyer/code/disco/data/emails/cuilla-m/all_documents/16.
0,/Users/greg/Documents/mit/scifi/lawyer/code/disco/data/emails/cuilla-m/all_documents/17.
0,/Users/greg/Documents/mit/scifi/lawyer/code/disco/data/emails/cuilla-m/all_documents/18.
0,/Users/greg/Documents/mit/scifi/lawyer/code/disco/data/emails/cuilla-m/all_documents/19.
0,/Users/greg/Documents/mit/scifi/lawyer/code/disco/data/emails/cuilla-m/all_documents/2.
0,/Users/greg/Documents/mit/scifi/lawyer/code/disco/data/emails/cuilla-m/all_documents/20.
0,/Users/greg/Documents/mit/scifi/lawyer/code/disco/data/emails/cuilla-m/all_documents/21.
0,/Users/greg/Documents/mit/scifi/lawyer/code/disco/data/emails/cuilla-m/all_documents/22.
0,/Users/greg/Documents/mit/scifi/lawyer/code/disco/data/emails/cuilla-m/all_documents/23.
0,/Users/greg/Documents/mit/scifi/lawyer/code/disco/data/emails/cuilla-m/all_documents/28.
0,/Users/greg/Documents/mit/scifi/lawyer/code/disco/data/emails/cuilla-m/all_documents/29.
0,/Users/greg/Documents/mit/scifi/lawyer/code/disco/data/emails/cuilla-m/all_documents/3.
0,/Users/greg/Documents/mit/scifi/lawyer/code/disco/data/emails/cuilla-m/all_documents/30.
0,/Users/greg/Documents/mit/scifi/lawyer/code/disco/data/emails/cuilla-m/all_documents/31.
0,/Users/greg/Documents/mit/scifi/lawyer/code/disco/data/emails/cuilla-m/all_documents/32.
0,/Users/greg/Documents/mit/scifi/lawyer/code/disco/data/emails/cuilla-m/all_documents/33.
0,/Users/greg/Documents/mit/scifi/lawyer/code/disco/data/emails/cuilla-m/all_documents/34.
0,/Users/greg/Documents/mit/scifi/lawyer/code/disco/data/emails/cuilla-m/all_documents/35.
0,/Users/greg/Documents/mit/scifi/lawyer/code/disco/data/emails/cuilla-m/all_documents/36.
0,/Users/greg/Documents/mit/scifi/lawyer/code/disco/data/emails/cuilla-m/all_documents/37.
0,/Users/greg/Documents/mit/scifi/lawyer/code/disco/data/emails/cuilla-m/all_documents/38.
0,/Users/greg/Documents/mit/scifi/lawyer/code/disco/data/emails/cuilla-m/all_documents/39.
0,/Users/greg/Documents/mit/scifi/lawyer/code/disco/data/emails/cuilla-m/all_documents/4.
0,/Users/greg/Documents/mit/scifi/lawyer/code/disco/data/emails/cuilla-m/all_documents/40.
1,/Users/greg/Documents/mit/scifi/lawyer/code/disco/data/emails/cuilla-m/all_documents/41.
0,/Users/greg/Documents/mit/scifi/lawyer/code/disco/data/emails/cuilla-m/all_documents/42.
0,/Users/greg/Documents/mit/scifi/lawyer/code/disco/data/emails/cuilla-m/all_documents/43.
1,/Users/greg/Documents/mit/scifi/lawyer/code/disco/data/emails/cuilla-m/all_documents/44.
1,/Users/greg/Documents/mit/scifi/lawyer/code/disco/data/emails/cuilla-m/all_documents/45.
0,/Users/greg/Documents/mit/scifi/lawyer/code/disco/data/emails/cuilla-m/all_documents/46.
0,/Users/greg/Documents/mit/scifi/lawyer/code/disco/data/emails/cuilla-m/all_documents/47.
1,/Users/greg/Documents/mit/scifi/lawyer/code/disco/data/emails/cuilla-m/all_documents/48.
0,/Users/greg/Documents/mit/scifi/lawyer/code/disco/data/emails/cuilla-m/all_documents/49.
0,/Users/greg/Documents/mit/scifi/lawyer/code/disco/data/emails/cuilla-m/all_documents/5.
0,/Users/greg/Documents/mit/scifi/lawyer/code/disco/data/emails/cuilla-m/all_documents/50.
0,/Users/greg/Documents/mit/scifi/lawyer/code/disco/data/emails/cuilla-m/all_documents/51.
0,/Users/greg/Documents/mit/scifi/lawyer/code/disco/data/emails/cuilla-m/all_documents/52.
1,/Users/greg/Documents/mit/scifi/lawyer/code/disco/data/emails/cuilla-m/all_documents/53.
0,/Users/greg/Documents/mit/scifi/lawyer/code/disco/data/emails/cuilla-m/all_documents/54.
0,/Users/greg/Documents/mit/scifi/lawyer/code/disco/data/emails/cuilla-m/all_documents/55.
1,/Users/greg/Documents/mit/scifi/lawyer/code/disco/data/emails/cuilla-m/all_documents/56.
0,/Users/greg/Documents/mit/scifi/lawyer/code/disco/data/emails/cuilla-m/all_documents/57.
0,/Users/greg/Documents/mit/scifi/lawyer/code/disco/data/emails/cuilla-m/all_documents/58.
0,/Users/greg/Documents/mit/scifi/lawyer/code/disco/data/emails/cuilla-m/all_documents/59.
0,/Users/greg/Documents/mit/scifi/lawyer/code/disco/data/emails/cuilla-m/all_documents/6.
0,/Users/greg/Documents/mit/scifi/lawyer/code/disco/data/emails/cuilla-m/all_documents/60.
0,/Users/greg/Documents/mit/scifi/lawyer/code/disco/data/emails/cuilla-m/all_documents/61.
0,/Users/greg/Documents/mit/scifi/lawyer/code/disco/data/emails/cuilla-m/all_documents/62.
0,/Users/greg/Documents/mit/scifi/lawyer/code/disco/data/emails/cuilla-m/all_documents/63.
0,/Users/greg/Documents/mit/scifi/lawyer/code/disco/data/emails/cuilla-m/all_documents/7.
0,/Users/greg/Documents/mit/scifi/lawyer/code/disco/data/emails/cuilla-m/all_documents/75.
0,/Users/greg/Documents/mit/scifi/lawyer/code/disco/data/emails/cuilla-m/all_documents/8.
0,/Users/greg/Documents/mit/scifi/lawyer/code/disco/data/emails/cuilla-m/all_documents/81.
0,/Users/greg/Documents/mit/scifi/lawyer/code/disco/data/emails/cuilla-m/all_documents/85.
0,/Users/greg/Documents/mit/scifi/lawyer/code/disco/data/emails/cuilla-m/all_documents/87.
0,/Users/greg/Documents/mit/scifi/lawyer/code/disco/data/emails/cuilla-m/all_documents/88.
0,/Users/greg/Documents/mit/scifi/lawyer/code/disco/data/emails/cuilla-m/all_documents/89.
0,/Users/greg/Documents/mit/scifi/lawyer/code/disco/data/emails/cuilla-m/all_documents/9.
0,/Users/greg/Documents/mit/scifi/lawyer/code/disco/data/emails/cuilla-m/all_documents/90.
0,/Users/greg/Documents/mit/scifi/lawyer/code/disco/data/emails/cuilla-m/all_documents/91.
0,/Users/greg/Documents/mit/scifi/lawyer/code/disco/data/emails/cuilla-m/all_documents/92.
0,/Users/greg/Documents/mit/scifi/lawyer/code/disco/data/emails/cuilla-m/all_documents/93.
0,/Users/greg/Documents/mit/scifi/lawyer/code/disco/data/emails/cuilla-m/all_documents/94.
0,/Users/greg/Documents/mit/scifi/lawyer/code/disco/data/emails/cuilla-m/all_documents/95.
0,/Users/greg/Documents/mit/scifi/lawyer/code/disco/data/emails/cuilla-m/all_documents/96.
0,/Users/greg/Documents/mit/scifi/lawyer/code/disco/data/emails/cuilla-m/all_documents/97.
0,/Users/greg/Documents/mit/scifi/lawyer/code/disco/data/emails/cuilla-m/all_documents/98.
0,/Users/greg/Documents/mit/scifi/lawyer/code/disco/data/emails/cuilla-m/all_documents/99.
0,/Users/greg/Documents/mit/scifi/lawyer/code/disco/data/emails/cuilla-m/bernhardt/1.
0,/Users/greg/Documents/mit/scifi/lawyer/code/disco/data/emails/cuilla-m/bernhardt/2.
0,/Users/greg/Documents/mit/scifi/lawyer/code/disco/data/emails/cuilla-m/bernhardt/3.
0,/Users/greg/Documents/mit/scifi/lawyer/code/disco/data/emails/cuilla-m/bernhardt/4.
0,/Users/greg/Documents/mit/scifi/lawyer/code/disco/data/emails/cuilla-m/bernhardt/5.
0,/Users/greg/Documents/mit/scifi/lawyer/code/disco/data/emails/cuilla-m/deleted_items/1.
1,/Users/greg/Documents/mit/scifi/lawyer/code/disco/data/emails/cuilla-m/deleted_items/10.
0,/Users/greg/Documents/mit/scifi/lawyer/code/disco/data/emails/cuilla-m/deleted_items/100.
0,/Users/greg/Documents/mit/scifi/lawyer/code/disco/data/emails/cuilla-m/deleted_items/101.
0,/Users/greg/Documents/mit/scifi/lawyer/code/disco/data/emails/cuilla-m/deleted_items/102.
0,/Users/greg/Documents/mit/scifi/lawyer/code/disco/data/emails/cuilla-m/deleted_items/103.
0,/Users/greg/Documents/mit/scifi/lawyer/code/disco/data/emails/cuilla-m/deleted_items/104.
0,/Users/greg/Documents/mit/scifi/lawyer/code/disco/data/emails/cuilla-m/deleted_items/105.
0,/Users/greg/Documents/mit/scifi/lawyer/code/disco/data/emails/cuilla-m/deleted_items/106.
0,/Users/greg/Documents/mit/scifi/lawyer/code/disco/data/emails/cuilla-m/deleted_items/107.
0,/Users/greg/Documents/mit/scifi/lawyer/code/disco/data/emails/cuilla-m/deleted_items/108.
1,/Users/greg/Documents/mit/scifi/lawyer/code/disco/data/emails/cuilla-m/deleted_items/109.
0,/Users/greg/Documents/mit/scifi/lawyer/code/disco/data/emails/cuilla-m/deleted_items/11.
0,/Users/greg/Documents/mit/scifi/lawyer/code/disco/data/emails/cuilla-m/deleted_items/110.
0,/Users/greg/Documents/mit/scifi/lawyer/code/disco/data/emails/cuilla-m/deleted_items/111.
0,/Users/greg/Documents/mit/scifi/lawyer/code/disco/data/emails/cuilla-m/deleted_items/112.
0,/Users/greg/Documents/mit/scifi/lawyer/code/disco/data/emails/cuilla-m/deleted_items/113.
0,/Users/greg/Documents/mit/scifi/lawyer/code/disco/data/emails/cuilla-m/deleted_items/114.
0,/Users/greg/Documents/mit/scifi/lawyer/code/disco/data/emails/cuilla-m/deleted_items/115.
0,/Users/greg/Documents/mit/scifi/lawyer/code/disco/data/emails/cuilla-m/deleted_items/116.
0,/Users/greg/Documents/mit/scifi/lawyer/code/disco/data/emails/cuilla-m/deleted_items/117.
0,/Users/greg/Documents/mit/scifi/lawyer/code/disco/data/emails/cuilla-m/deleted_items/118.
0,/Users/greg/Documents/mit/scifi/lawyer/code/disco/data/emails/cuilla-m/deleted_items/119.
0,/Users/greg/Documents/mit/scifi/lawyer/code/disco/data/emails/cuilla-m/deleted_items/12.
0,/Users/greg/Documents/mit/scifi/lawyer/code/disco/data/emails/cuilla-m/deleted_items/120.
0,/Users/greg/Documents/mit/scifi/lawyer/code/disco/data/emails/cuilla-m/deleted_items/121.
0,/Users/greg/Documents/mit/scifi/lawyer/code/disco/data/emails/cuilla-m/deleted_items/122.
0,/Users/greg/Documents/mit/scifi/lawyer/code/disco/data/emails/cuilla-m/deleted_items/123.
0,/Users/greg/Documents/mit/scifi/lawyer/code/disco/data/emails/cuilla-m/deleted_items/124.
0,/Users/greg/Documents/mit/scifi/lawyer/code/disco/data/emails/cuilla-m/deleted_items/125.
0,/Users/greg/Documents/mit/scifi/lawyer/code/disco/data/emails/cuilla-m/deleted_items/126.
1,/Users/greg/Documents/mit/scifi/lawyer/code/disco/data/emails/cuilla-m/deleted_items/127.
0,/Users/greg/Documents/mit/scifi/lawyer/code/disco/data/emails/cuilla-m/deleted_items/128.
0,/Users/greg/Documents/mit/scifi/lawyer/code/disco/data/emails/cuilla-m/deleted_items/129.
1,/Users/greg/Documents/mit/scifi/lawyer/code/disco/data/emails/cuilla-m/deleted_items/13.
1,/Users/greg/Documents/mit/scifi/lawyer/code/disco/data/emails/cuilla-m/deleted_items/130.
0,/Users/greg/Documents/mit/scifi/lawyer/code/disco/data/emails/cuilla-m/deleted_items/131.
0,/Users/greg/Documents/mit/scifi/lawyer/code/disco/data/emails/cuilla-m/deleted_items/132.
0,/Users/greg/Documents/mit/scifi/lawyer/code/disco/data/emails/cuilla-m/deleted_items/133.
0,/Users/greg/Documents/mit/scifi/lawyer/code/disco/data/emails/cuilla-m/deleted_items/134.
0,/Users/greg/Documents/mit/scifi/lawyer/code/disco/data/emails/cuilla-m/deleted_items/135.
0,/Users/greg/Documents/mit/scifi/lawyer/code/disco/data/emails/cuilla-m/deleted_items/136.
1,/Users/greg/Documents/mit/scifi/lawyer/code/disco/data/emails/cuilla-m/deleted_items/137.
0,/Users/greg/Documents/mit/scifi/lawyer/code/disco/data/emails/cuilla-m/deleted_items/138.
0,/Users/greg/Documents/mit/scifi/lawyer/code/disco/data/emails/cuilla-m/deleted_items/139.
0,/Users/greg/Documents/mit/scifi/lawyer/code/disco/data/emails/cuilla-m/deleted_items/14.
0,/Users/greg/Documents/mit/scifi/lawyer/code/disco/data/emails/cuilla-m/deleted_items/140.
0,/Users/greg/Documents/mit/scifi/lawyer/code/disco/data/emails/cuilla-m/deleted_items/141.
0,/Users/greg/Documents/mit/scifi/lawyer/code/disco/data/emails/cuilla-m/deleted_items/142.
0,/Users/greg/Documents/mit/scifi/lawyer/code/disco/data/emails/cuilla-m/deleted_items/143.
0,/Users/greg/Documents/mit/scifi/lawyer/code/disco/data/emails/cuilla-m/deleted_items/144.
1,/Users/greg/Documents/mit/scifi/lawyer/code/disco/data/emails/cuilla-m/deleted_items/145.
0,/Users/greg/Documents/mit/scifi/lawyer/code/disco/data/emails/cuilla-m/deleted_items/146.
0,/Users/greg/Documents/mit/scifi/lawyer/code/disco/data/emails/cuilla-m/deleted_items/147.
0,/Users/greg/Documents/mit/scifi/lawyer/code/disco/data/emails/cuilla-m/deleted_items/148.
0,/Users/greg/Documents/mit/scifi/lawyer/code/disco/data/emails/cuilla-m/deleted_items/149.
0,/Users/greg/Documents/mit/scifi/lawyer/code/disco/data/emails/cuilla-m/deleted_items/15.
0,/Users/greg/Documents/mit/scifi/lawyer/code/disco/data/emails/cuilla-m/deleted_items/150.
0,/Users/greg/Documents/mit/scifi/lawyer/code/disco/data/emails/cuilla-m/deleted_items/151.
0,/Users/greg/Documents/mit/scifi/lawyer/code/disco/data/emails/cuilla-m/deleted_items/152.
0,/Users/greg/Documents/mit/scifi/lawyer/code/disco/data/emails/cuilla-m/deleted_items/153.
0,/Users/greg/Documents/mit/scifi/lawyer/code/disco/data/emails/cuilla-m/deleted_items/154.
0,/Users/greg/Documents/mit/scifi/lawyer/code/disco/data/emails/cuilla-m/deleted_items/155.
0,/Users/greg/Documents/mit/scifi/lawyer/code/disco/data/emails/cuilla-m/deleted_items/156.
0,/Users/greg/Documents/mit/scifi/lawyer/code/disco/data/emails/cuilla-m/deleted_items/157.
0,/Users/greg/Documents/mit/scifi/lawyer/code/disco/data/emails/cuilla-m/deleted_items/158.
0,/Users/greg/Documents/mit/scifi/lawyer/code/disco/data/emails/cuilla-m/deleted_items/159.
0,/Users/greg/Documents/mit/scifi/lawyer/code/disco/data/emails/cuilla-m/deleted_items/16.
0,/Users/greg/Documents/mit/scifi/lawyer/code/disco/data/emails/cuilla-m/deleted_items/160.
0,/Users/greg/Documents/mit/scifi/lawyer/code/disco/data/emails/cuilla-m/deleted_items/161.
0,/Users/greg/Documents/mit/scifi/lawyer/code/disco/data/emails/cuilla-m/deleted_items/162.
0,/Users/greg/Documents/mit/scifi/lawyer/code/disco/data/emails/cuilla-m/deleted_items/164.
0,/Users/greg/Documents/mit/scifi/lawyer/code/disco/data/emails/cuilla-m/deleted_items/165.
0,/Users/greg/Documents/mit/scifi/lawyer/code/disco/data/emails/cuilla-m/deleted_items/168.
0,/Users/greg/Documents/mit/scifi/lawyer/code/disco/data/emails/cuilla-m/deleted_items/169.
0,/Users/greg/Documents/mit/scifi/lawyer/code/disco/data/emails/cuilla-m/deleted_items/17.
0,/Users/greg/Documents/mit/scifi/lawyer/code/disco/data/emails/cuilla-m/deleted_items/170.
0,/Users/greg/Documents/mit/scifi/lawyer/code/disco/data/emails/cuilla-m/deleted_items/171.
0,/Users/greg/Documents/mit/scifi/lawyer/code/disco/data/emails/cuilla-m/deleted_items/172.
1,/Users/greg/Documents/mit/scifi/lawyer/code/disco/data/emails/cuilla-m/deleted_items/173.
0,/Users/greg/Documents/mit/scifi/lawyer/code/disco/data/emails/cuilla-m/deleted_items/174.
0,/Users/greg/Documents/mit/scifi/lawyer/code/disco/data/emails/cuilla-m/deleted_items/175.
0,/Users/greg/Documents/mit/scifi/lawyer/code/disco/data/emails/cuilla-m/deleted_items/176.
0,/Users/greg/Documents/mit/scifi/lawyer/code/disco/data/emails/cuilla-m/deleted_items/177.
0,/Users/greg/Documents/mit/scifi/lawyer/code/disco/data/emails/cuilla-m/deleted_items/178.
0,/Users/greg/Documents/mit/scifi/lawyer/code/disco/data/emails/cuilla-m/deleted_items/179.
0,/Users/greg/Documents/mit/scifi/lawyer/code/disco/data/emails/cuilla-m/deleted_items/18.
0,/Users/greg/Documents/mit/scifi/lawyer/code/disco/data/emails/cuilla-m/deleted_items/180.
0,/Users/greg/Documents/mit/scifi/lawyer/code/disco/data/emails/cuilla-m/deleted_items/181.
0,/Users/greg/Documents/mit/scifi/lawyer/code/disco/data/emails/cuilla-m/deleted_items/182.
1,/Users/greg/Documents/mit/scifi/lawyer/code/disco/data/emails/cuilla-m/deleted_items/183.
0,/Users/greg/Documents/mit/scifi/lawyer/code/disco/data/emails/cuilla-m/deleted_items/184.
0,/Users/greg/Documents/mit/scifi/lawyer/code/disco/data/emails/cuilla-m/deleted_items/185.
0,/Users/greg/Documents/mit/scifi/lawyer/code/disco/data/emails/cuilla-m/deleted_items/186.
0,/Users/greg/Documents/mit/scifi/lawyer/code/disco/data/emails/cuilla-m/deleted_items/187.
0,/Users/greg/Documents/mit/scifi/lawyer/code/disco/data/emails/cuilla-m/deleted_items/188.
1,/Users/greg/Documents/mit/scifi/lawyer/code/disco/data/emails/cuilla-m/deleted_items/189.
0,/Users/greg/Documents/mit/scifi/lawyer/code/disco/data/emails/cuilla-m/deleted_items/19.
0,/Users/greg/Documents/mit/scifi/lawyer/code/disco/data/emails/cuilla-m/deleted_items/190.
0,/Users/greg/Documents/mit/scifi/lawyer/code/disco/data/emails/cuilla-m/deleted_items/192.
0,/Users/greg/Documents/mit/scifi/lawyer/code/disco/data/emails/cuilla-m/deleted_items/193.
1,/Users/greg/Documents/mit/scifi/lawyer/code/disco/data/emails/cuilla-m/deleted_items/194.
0,/Users/greg/Documents/mit/scifi/lawyer/code/disco/data/emails/cuilla-m/deleted_items/195.
0,/Users/greg/Documents/mit/scifi/lawyer/code/disco/data/emails/cuilla-m/deleted_items/196.
0,/Users/greg/Documents/mit/scifi/lawyer/code/disco/data/emails/cuilla-m/deleted_items/197.
0,/Users/greg/Documents/mit/scifi/lawyer/code/disco/data/emails/cuilla-m/deleted_items/198.
0,/Users/greg/Documents/mit/scifi/lawyer/code/disco/data/emails/cuilla-m/deleted_items/199.
0,/Users/greg/Documents/mit/scifi/lawyer/code/disco/data/emails/cuilla-m/deleted_items/2.
0,/Users/greg/Documents/mit/scifi/lawyer/code/disco/data/emails/cuilla-m/deleted_items/20.
0,/Users/greg/Documents/mit/scifi/lawyer/code/disco/data/emails/cuilla-m/deleted_items/200.
0,/Users/greg/Documents/mit/scifi/lawyer/code/disco/data/emails/cuilla-m/deleted_items/201.
0,/Users/greg/Documents/mit/scifi/lawyer/code/disco/data/emails/cuilla-m/deleted_items/202.
0,/Users/greg/Documents/mit/scifi/lawyer/code/disco/data/emails/cuilla-m/deleted_items/203.
0,/Users/greg/Documents/mit/scifi/lawyer/code/disco/data/emails/cuilla-m/deleted_items/204.
0,/Users/greg/Documents/mit/scifi/lawyer/code/disco/data/emails/cuilla-m/deleted_items/205.
0,/Users/greg/Documents/mit/scifi/lawyer/code/disco/data/emails/cuilla-m/deleted_items/206.
0,/Users/greg/Documents/mit/scifi/lawyer/code/disco/data/emails/cuilla-m/deleted_items/207.
0,/Users/greg/Documents/mit/scifi/lawyer/code/disco/data/emails/cuilla-m/deleted_items/208.
0,/Users/greg/Documents/mit/scifi/lawyer/code/disco/data/emails/cuilla-m/deleted_items/209.
0,/Users/greg/Documents/mit/scifi/lawyer/code/disco/data/emails/cuilla-m/deleted_items/21.
0,/Users/greg/Documents/mit/scifi/lawyer/code/disco/data/emails/cuilla-m/deleted_items/210.
0,/Users/greg/Documents/mit/scifi/lawyer/code/disco/data/emails/cuilla-m/deleted_items/211.
0,/Users/greg/Documents/mit/scifi/lawyer/code/disco/data/emails/cuilla-m/deleted_items/212.
0,/Users/greg/Documents/mit/scifi/lawyer/code/disco/data/emails/cuilla-m/deleted_items/213.
0,/Users/greg/Documents/mit/scifi/lawyer/code/disco/data/emails/cuilla-m/deleted_items/214.
1,/Users/greg/Documents/mit/scifi/lawyer/code/disco/data/emails/cuilla-m/deleted_items/215.
0,/Users/greg/Documents/mit/scifi/lawyer/code/disco/data/emails/cuilla-m/deleted_items/216.
1,/Users/greg/Documents/mit/scifi/lawyer/code/disco/data/emails/cuilla-m/deleted_items/217.
0,/Users/greg/Documents/mit/scifi/lawyer/code/disco/data/emails/cuilla-m/deleted_items/218.
1,/Users/greg/Documents/mit/scifi/lawyer/code/disco/data/emails/cuilla-m/deleted_items/219.
0,/Users/greg/Documents/mit/scifi/lawyer/code/disco/data/emails/cuilla-m/deleted_items/22.
0,/Users/greg/Documents/mit/scifi/lawyer/code/disco/data/emails/cuilla-m/deleted_items/220.
0,/Users/greg/Documents/mit/scifi/lawyer/code/disco/data/emails/cuilla-m/deleted_items/221.
0,/Users/greg/Documents/mit/scifi/lawyer/code/disco/data/emails/cuilla-m/deleted_items/222.
0,/Users/greg/Documents/mit/scifi/lawyer/code/disco/data/emails/cuilla-m/deleted_items/223.
0,/Users/greg/Documents/mit/scifi/lawyer/code/disco/data/emails/cuilla-m/deleted_items/224.
0,/Users/greg/Documents/mit/scifi/lawyer/code/disco/data/emails/cuilla-m/deleted_items/225.
0,/Users/greg/Documents/mit/scifi/lawyer/code/disco/data/emails/cuilla-m/deleted_items/226.
0,/Users/greg/Documents/mit/scifi/lawyer/code/disco/data/emails/cuilla-m/deleted_items/227.
0,/Users/greg/Documents/mit/scifi/lawyer/code/disco/data/emails/cuilla-m/deleted_items/228.
0,/Users/greg/Documents/mit/scifi/lawyer/code/disco/data/emails/cuilla-m/deleted_items/229.
0,/Users/greg/Documents/mit/scifi/lawyer/code/disco/data/emails/cuilla-m/deleted_items/23.
0,/Users/greg/Documents/mit/scifi/lawyer/code/disco/data/emails/cuilla-m/deleted_items/230.
1,/Users/greg/Documents/mit/scifi/lawyer/code/disco/data/emails/cuilla-m/deleted_items/232.
0,/Users/greg/Documents/mit/scifi/lawyer/code/disco/data/emails/cuilla-m/deleted_items/233.
0,/Users/greg/Documents/mit/scifi/lawyer/code/disco/data/emails/cuilla-m/deleted_items/234.
0,/Users/greg/Documents/mit/scifi/lawyer/code/disco/data/emails/cuilla-m/deleted_items/235.
0,/Users/greg/Documents/mit/scifi/lawyer/code/disco/data/emails/cuilla-m/deleted_items/236.
0,/Users/greg/Documents/mit/scifi/lawyer/code/disco/data/emails/cuilla-m/deleted_items/237.
0,/Users/greg/Documents/mit/scifi/lawyer/code/disco/data/emails/cuilla-m/deleted_items/238.
0,/Users/greg/Documents/mit/scifi/lawyer/code/disco/data/emails/cuilla-m/deleted_items/239.
0,/Users/greg/Documents/mit/scifi/lawyer/code/disco/data/emails/cuilla-m/deleted_items/24.
0,/Users/greg/Documents/mit/scifi/lawyer/code/disco/data/emails/cuilla-m/deleted_items/240.
0,/Users/greg/Documents/mit/scifi/lawyer/code/disco/data/emails/cuilla-m/deleted_items/241.
0,/Users/greg/Documents/mit/scifi/lawyer/code/disco/data/emails/cuilla-m/deleted_items/242.
0,/Users/greg/Documents/mit/scifi/lawyer/code/disco/data/emails/cuilla-m/deleted_items/243.
0,/Users/greg/Documents/mit/scifi/lawyer/code/disco/data/emails/cuilla-m/deleted_items/244.
0,/Users/greg/Documents/mit/scifi/lawyer/code/disco/data/emails/cuilla-m/deleted_items/245.
0,/Users/greg/Documents/mit/scifi/lawyer/code/disco/data/emails/cuilla-m/deleted_items/246.
0,/Users/greg/Documents/mit/scifi/lawyer/code/disco/data/emails/cuilla-m/deleted_items/247.
0,/Users/greg/Documents/mit/scifi/lawyer/code/disco/data/emails/cuilla-m/deleted_items/248.
0,/Users/greg/Documents/mit/scifi/lawyer/code/disco/data/emails/cuilla-m/deleted_items/249.
0,/Users/greg/Documents/mit/scifi/lawyer/code/disco/data/emails/cuilla-m/deleted_items/25.
0,/Users/greg/Documents/mit/scifi/lawyer/code/disco/data/emails/cuilla-m/deleted_items/250.
0,/Users/greg/Documents/mit/scifi/lawyer/code/disco/data/emails/cuilla-m/deleted_items/251.
0,/Users/greg/Documents/mit/scifi/lawyer/code/disco/data/emails/cuilla-m/deleted_items/252.
0,/Users/greg/Documents/mit/scifi/lawyer/code/disco/data/emails/cuilla-m/deleted_items/253.
0,/Users/greg/Documents/mit/scifi/lawyer/code/disco/data/emails/cuilla-m/deleted_items/254.
0,/Users/greg/Documents/mit/scifi/lawyer/code/disco/data/emails/cuilla-m/deleted_items/255.
0,/Users/greg/Documents/mit/scifi/lawyer/code/disco/data/emails/cuilla-m/deleted_items/256.
0,/Users/greg/Documents/mit/scifi/lawyer/code/disco/data/emails/cuilla-m/deleted_items/257.
0,/Users/greg/Documents/mit/scifi/lawyer/code/disco/data/emails/cuilla-m/deleted_items/258.
0,/Users/greg/Documents/mit/scifi/lawyer/code/disco/data/emails/cuilla-m/deleted_items/259.
0,/Users/greg/Documents/mit/scifi/lawyer/code/disco/data/emails/cuilla-m/deleted_items/26.
0,/Users/greg/Documents/mit/scifi/lawyer/code/disco/data/emails/cuilla-m/deleted_items/260.
0,/Users/greg/Documents/mit/scifi/lawyer/code/disco/data/emails/cuilla-m/deleted_items/261.
0,/Users/greg/Documents/mit/scifi/lawyer/code/disco/data/emails/cuilla-m/deleted_items/262.
0,/Users/greg/Documents/mit/scifi/lawyer/code/disco/data/emails/cuilla-m/deleted_items/263.
0,/Users/greg/Documents/mit/scifi/lawyer/code/disco/data/emails/cuilla-m/deleted_items/264.
0,/Users/greg/Documents/mit/scifi/lawyer/code/disco/data/emails/cuilla-m/deleted_items/265.
0,/Users/greg/Documents/mit/scifi/lawyer/code/disco/data/emails/cuilla-m/deleted_items/266.
0,/Users/greg/Documents/mit/scifi/lawyer/code/disco/data/emails/cuilla-m/deleted_items/267.
0,/Users/greg/Documents/mit/scifi/lawyer/code/disco/data/emails/cuilla-m/deleted_items/268.
0,/Users/greg/Documents/mit/scifi/lawyer/code/disco/data/emails/cuilla-m/deleted_items/269.
0,/Users/greg/Documents/mit/scifi/lawyer/code/disco/data/emails/cuilla-m/deleted_items/27.
0,/Users/greg/Documents/mit/scifi/lawyer/code/disco/data/emails/cuilla-m/deleted_items/270.
0,/Users/greg/Documents/mit/scifi/lawyer/code/disco/data/emails/cuilla-m/deleted_items/271.
0,/Users/greg/Documents/mit/scifi/lawyer/code/disco/data/emails/cuilla-m/deleted_items/272.
0,/Users/greg/Documents/mit/scifi/lawyer/code/disco/data/emails/cuilla-m/deleted_items/273.
0,/Users/greg/Documents/mit/scifi/lawyer/code/disco/data/emails/cuilla-m/deleted_items/274.
0,/Users/greg/Documents/mit/scifi/lawyer/code/disco/data/emails/cuilla-m/deleted_items/275.
0,/Users/greg/Documents/mit/scifi/lawyer/code/disco/data/emails/cuilla-m/deleted_items/276.
0,/Users/greg/Documents/mit/scifi/lawyer/code/disco/data/emails/cuilla-m/deleted_items/277.
0,/Users/greg/Documents/mit/scifi/lawyer/code/disco/data/emails/cuilla-m/deleted_items/278.
0,/Users/greg/Documents/mit/scifi/lawyer/code/disco/data/emails/cuilla-m/deleted_items/279.
0,/Users/greg/Documents/mit/scifi/lawyer/code/disco/data/emails/cuilla-m/deleted_items/28.
0,/Users/greg/Documents/mit/scifi/lawyer/code/disco/data/emails/cuilla-m/deleted_items/280.
0,/Users/greg/Documents/mit/scifi/lawyer/code/disco/data/emails/cuilla-m/deleted_items/282.
0,/Users/greg/Documents/mit/scifi/lawyer/code/disco/data/emails/cuilla-m/deleted_items/283.
0,/Users/greg/Documents/mit/scifi/lawyer/code/disco/data/emails/cuilla-m/deleted_items/284.
0,/Users/greg/Documents/mit/scifi/lawyer/code/disco/data/emails/cuilla-m/deleted_items/285.
0,/Users/greg/Documents/mit/scifi/lawyer/code/disco/data/emails/cuilla-m/deleted_items/286.
0,/Users/greg/Documents/mit/scifi/lawyer/code/disco/data/emails/cuilla-m/deleted_items/287.
0,/Users/greg/Documents/mit/scifi/lawyer/code/disco/data/emails/cuilla-m/deleted_items/288.
0,/Users/greg/Documents/mit/scifi/lawyer/code/disco/data/emails/cuilla-m/deleted_items/289.
0,/Users/greg/Documents/mit/scifi/lawyer/code/disco/data/emails/cuilla-m/deleted_items/29.
0,/Users/greg/Documents/mit/scifi/lawyer/code/disco/data/emails/cuilla-m/deleted_items/290.
0,/Users/greg/Documents/mit/scifi/lawyer/code/disco/data/emails/cuilla-m/deleted_items/291.
0,/Users/greg/Documents/mit/scifi/lawyer/code/disco/data/emails/cuilla-m/deleted_items/292.
0,/Users/greg/Documents/mit/scifi/lawyer/code/disco/data/emails/cuilla-m/deleted_items/293.
0,/Users/greg/Documents/mit/scifi/lawyer/code/disco/data/emails/cuilla-m/deleted_items/294.
0,/Users/greg/Documents/mit/scifi/lawyer/code/disco/data/emails/cuilla-m/deleted_items/295.
0,/Users/greg/Documents/mit/scifi/lawyer/code/disco/data/emails/cuilla-m/deleted_items/296.
0,/Users/greg/Documents/mit/scifi/lawyer/code/disco/data/emails/cuilla-m/deleted_items/297.
0,/Users/greg/Documents/mit/scifi/lawyer/code/disco/data/emails/cuilla-m/deleted_items/298.
0,/Users/greg/Documents/mit/scifi/lawyer/code/disco/data/emails/cuilla-m/deleted_items/299.
0,/Users/greg/Documents/mit/scifi/lawyer/code/disco/data/emails/cuilla-m/deleted_items/3.
0,/Users/greg/Documents/mit/scifi/lawyer/code/disco/data/emails/cuilla-m/deleted_items/30.
0,/Users/greg/Documents/mit/scifi/lawyer/code/disco/data/emails/cuilla-m/deleted_items/31.
0,/Users/greg/Documents/mit/scifi/lawyer/code/disco/data/emails/cuilla-m/deleted_items/32.
0,/Users/greg/Documents/mit/scifi/lawyer/code/disco/data/emails/cuilla-m/deleted_items/33.
0,/Users/greg/Documents/mit/scifi/lawyer/code/disco/data/emails/cuilla-m/deleted_items/34.
0,/Users/greg/Documents/mit/scifi/lawyer/code/disco/data/emails/cuilla-m/deleted_items/35.
0,/Users/greg/Documents/mit/scifi/lawyer/code/disco/data/emails/cuilla-m/deleted_items/352.
0,/Users/greg/Documents/mit/scifi/lawyer/code/disco/data/emails/cuilla-m/deleted_items/353.
0,/Users/greg/Documents/mit/scifi/lawyer/code/disco/data/emails/cuilla-m/deleted_items/354.
0,/Users/greg/Documents/mit/scifi/lawyer/code/disco/data/emails/cuilla-m/deleted_items/355.
0,/Users/greg/Documents/mit/scifi/lawyer/code/disco/data/emails/cuilla-m/deleted_items/356.
0,/Users/greg/Documents/mit/scifi/lawyer/code/disco/data/emails/cuilla-m/deleted_items/357.
0,/Users/greg/Documents/mit/scifi/lawyer/code/disco/data/emails/cuilla-m/deleted_items/358.
0,/Users/greg/Documents/mit/scifi/lawyer/code/disco/data/emails/cuilla-m/deleted_items/359.
0,/Users/greg/Documents/mit/scifi/lawyer/code/disco/data/emails/cuilla-m/deleted_items/36.
0,/Users/greg/Documents/mit/scifi/lawyer/code/disco/data/emails/cuilla-m/deleted_items/360.
0,/Users/greg/Documents/mit/scifi/lawyer/code/disco/data/emails/cuilla-m/deleted_items/361.
0,/Users/greg/Documents/mit/scifi/lawyer/code/disco/data/emails/cuilla-m/deleted_items/363.
1,/Users/greg/Documents/mit/scifi/lawyer/code/disco/data/emails/cuilla-m/deleted_items/364.
0,/Users/greg/Documents/mit/scifi/lawyer/code/disco/data/emails/cuilla-m/deleted_items/365.
0,/Users/greg/Documents/mit/scifi/lawyer/code/disco/data/emails/cuilla-m/deleted_items/366.
0,/Users/greg/Documents/mit/scifi/lawyer/code/disco/data/emails/cuilla-m/deleted_items/367.
0,/Users/greg/Documents/mit/scifi/lawyer/code/disco/data/emails/cuilla-m/deleted_items/368.
0,/Users/greg/Documents/mit/scifi/lawyer/code/disco/data/emails/cuilla-m/deleted_items/369.
0,/Users/greg/Documents/mit/scifi/lawyer/code/disco/data/emails/cuilla-m/deleted_items/37.
0,/Users/greg/Documents/mit/scifi/lawyer/code/disco/data/emails/cuilla-m/deleted_items/370.
0,/Users/greg/Documents/mit/scifi/lawyer/code/disco/data/emails/cuilla-m/deleted_items/371.
0,/Users/greg/Documents/mit/scifi/lawyer/code/disco/data/emails/cuilla-m/deleted_items/372.
0,/Users/greg/Documents/mit/scifi/lawyer/code/disco/data/emails/cuilla-m/deleted_items/373.
0,/Users/greg/Documents/mit/scifi/lawyer/code/disco/data/emails/cuilla-m/deleted_items/374.
0,/Users/greg/Documents/mit/scifi/lawyer/code/disco/data/emails/cuilla-m/deleted_items/375.
0,/Users/greg/Documents/mit/scifi/lawyer/code/disco/data/emails/cuilla-m/deleted_items/376.
0,/Users/greg/Documents/mit/scifi/lawyer/code/disco/data/emails/cuilla-m/deleted_items/377.
0,/Users/greg/Documents/mit/scifi/lawyer/code/disco/data/emails/cuilla-m/deleted_items/378.
0,/Users/greg/Documents/mit/scifi/lawyer/code/disco/data/emails/cuilla-m/deleted_items/379.
0,/Users/greg/Documents/mit/scifi/lawyer/code/disco/data/emails/cuilla-m/deleted_items/38.
0,/Users/greg/Documents/mit/scifi/lawyer/code/disco/data/emails/cuilla-m/deleted_items/380.
0,/Users/greg/Documents/mit/scifi/lawyer/code/disco/data/emails/cuilla-m/deleted_items/381.
0,/Users/greg/Documents/mit/scifi/lawyer/code/disco/data/emails/cuilla-m/deleted_items/382.
0,/Users/greg/Documents/mit/scifi/lawyer/code/disco/data/emails/cuilla-m/deleted_items/383.
0,/Users/greg/Documents/mit/scifi/lawyer/code/disco/data/emails/cuilla-m/deleted_items/384.
0,/Users/greg/Documents/mit/scifi/lawyer/code/disco/data/emails/cuilla-m/deleted_items/385.
0,/Users/greg/Documents/mit/scifi/lawyer/code/disco/data/emails/cuilla-m/deleted_items/386.
0,/Users/greg/Documents/mit/scifi/lawyer/code/disco/data/emails/cuilla-m/deleted_items/387.
0,/Users/greg/Documents/mit/scifi/lawyer/code/disco/data/emails/cuilla-m/deleted_items/388.
0,/Users/greg/Documents/mit/scifi/lawyer/code/disco/data/emails/cuilla-m/deleted_items/389.
0,/Users/greg/Documents/mit/scifi/lawyer/code/disco/data/emails/cuilla-m/deleted_items/39.
0,/Users/greg/Documents/mit/scifi/lawyer/code/disco/data/emails/cuilla-m/deleted_items/390.
0,/Users/greg/Documents/mit/scifi/lawyer/code/disco/data/emails/cuilla-m/deleted_items/391.
0,/Users/greg/Documents/mit/scifi/lawyer/code/disco/data/emails/cuilla-m/deleted_items/392.
0,/Users/greg/Documents/mit/scifi/lawyer/code/disco/data/emails/cuilla-m/deleted_items/393.
0,/Users/greg/Documents/mit/scifi/lawyer/code/disco/data/emails/cuilla-m/deleted_items/394.
0,/Users/greg/Documents/mit/scifi/lawyer/code/disco/data/emails/cuilla-m/deleted_items/395.
0,/Users/greg/Documents/mit/scifi/lawyer/code/disco/data/emails/cuilla-m/deleted_items/396.
0,/Users/greg/Documents/mit/scifi/lawyer/code/disco/data/emails/cuilla-m/deleted_items/397.
0,/Users/greg/Documents/mit/scifi/lawyer/code/disco/data/emails/cuilla-m/deleted_items/398.
0,/Users/greg/Documents/mit/scifi/lawyer/code/disco/data/emails/cuilla-m/deleted_items/399.
0,/Users/greg/Documents/mit/scifi/lawyer/code/disco/data/emails/cuilla-m/deleted_items/4.
0,/Users/greg/Documents/mit/scifi/lawyer/code/disco/data/emails/cuilla-m/deleted_items/40.
0,/Users/greg/Documents/mit/scifi/lawyer/code/disco/data/emails/cuilla-m/deleted_items/400.
0,/Users/greg/Documents/mit/scifi/lawyer/code/disco/data/emails/cuilla-m/deleted_items/401.
0,/Users/greg/Documents/mit/scifi/lawyer/code/disco/data/emails/cuilla-m/deleted_items/402.
0,/Users/greg/Documents/mit/scifi/lawyer/code/disco/data/emails/cuilla-m/deleted_items/403.
0,/Users/greg/Documents/mit/scifi/lawyer/code/disco/data/emails/cuilla-m/deleted_items/404.
0,/Users/greg/Documents/mit/scifi/lawyer/code/disco/data/emails/cuilla-m/deleted_items/405.
0,/Users/greg/Documents/mit/scifi/lawyer/code/disco/data/emails/cuilla-m/deleted_items/406.
0,/Users/greg/Documents/mit/scifi/lawyer/code/disco/data/emails/cuilla-m/deleted_items/407.
0,/Users/greg/Documents/mit/scifi/lawyer/code/disco/data/emails/cuilla-m/deleted_items/408.
0,/Users/greg/Documents/mit/scifi/lawyer/code/disco/data/emails/cuilla-m/deleted_items/409.
0,/Users/greg/Documents/mit/scifi/lawyer/code/disco/data/emails/cuilla-m/deleted_items/41.
0,/Users/greg/Documents/mit/scifi/lawyer/code/disco/data/emails/cuilla-m/deleted_items/410.
0,/Users/greg/Documents/mit/scifi/lawyer/code/disco/data/emails/cuilla-m/deleted_items/411.
0,/Users/greg/Documents/mit/scifi/lawyer/code/disco/data/emails/cuilla-m/deleted_items/412.
0,/Users/greg/Documents/mit/scifi/lawyer/code/disco/data/emails/cuilla-m/deleted_items/413.
0,/Users/greg/Documents/mit/scifi/lawyer/code/disco/data/emails/cuilla-m/deleted_items/414.
0,/Users/greg/Documents/mit/scifi/lawyer/code/disco/data/emails/cuilla-m/deleted_items/415.
0,/Users/greg/Documents/mit/scifi/lawyer/code/disco/data/emails/cuilla-m/deleted_items/416.
0,/Users/greg/Documents/mit/scifi/lawyer/code/disco/data/emails/cuilla-m/deleted_items/417.
0,/Users/greg/Documents/mit/scifi/lawyer/code/disco/data/emails/cuilla-m/deleted_items/418.
0,/Users/greg/Documents/mit/scifi/lawyer/code/disco/data/emails/cuilla-m/deleted_items/419.
0,/Users/greg/Documents/mit/scifi/lawyer/code/disco/data/emails/cuilla-m/deleted_items/42.
0,/Users/greg/Documents/mit/scifi/lawyer/code/disco/data/emails/cuilla-m/deleted_items/420.
0,/Users/greg/Documents/mit/scifi/lawyer/code/disco/data/emails/cuilla-m/deleted_items/422.
0,/Users/greg/Documents/mit/scifi/lawyer/code/disco/data/emails/cuilla-m/deleted_items/423.
0,/Users/greg/Documents/mit/scifi/lawyer/code/disco/data/emails/cuilla-m/deleted_items/424.
0,/Users/greg/Documents/mit/scifi/lawyer/code/disco/data/emails/cuilla-m/deleted_items/425.
0,/Users/greg/Documents/mit/scifi/lawyer/code/disco/data/emails/cuilla-m/deleted_items/426.
0,/Users/greg/Documents/mit/scifi/lawyer/code/disco/data/emails/cuilla-m/deleted_items/427.
0,/Users/greg/Documents/mit/scifi/lawyer/code/disco/data/emails/cuilla-m/deleted_items/428.
0,/Users/greg/Documents/mit/scifi/lawyer/code/disco/data/emails/cuilla-m/deleted_items/429.
0,/Users/greg/Documents/mit/scifi/lawyer/code/disco/data/emails/cuilla-m/deleted_items/43.
0,/Users/greg/Documents/mit/scifi/lawyer/code/disco/data/emails/cuilla-m/deleted_items/430.
0,/Users/greg/Documents/mit/scifi/lawyer/code/disco/data/emails/cuilla-m/deleted_items/431.
0,/Users/greg/Documents/mit/scifi/lawyer/code/disco/data/emails/cuilla-m/deleted_items/432.
0,/Users/greg/Documents/mit/scifi/lawyer/code/disco/data/emails/cuilla-m/deleted_items/433.
0,/Users/greg/Documents/mit/scifi/lawyer/code/disco/data/emails/cuilla-m/deleted_items/434.
0,/Users/greg/Documents/mit/scifi/lawyer/code/disco/data/emails/cuilla-m/deleted_items/435.
0,/Users/greg/Documents/mit/scifi/lawyer/code/disco/data/emails/cuilla-m/deleted_items/436.
0,/Users/greg/Documents/mit/scifi/lawyer/code/disco/data/emails/cuilla-m/deleted_items/437.
0,/Users/greg/Documents/mit/scifi/lawyer/code/disco/data/emails/cuilla-m/deleted_items/438.
0,/Users/greg/Documents/mit/scifi/lawyer/code/disco/data/emails/cuilla-m/deleted_items/439.
0,/Users/greg/Documents/mit/scifi/lawyer/code/disco/data/emails/cuilla-m/deleted_items/44.
0,/Users/greg/Documents/mit/scifi/lawyer/code/disco/data/emails/cuilla-m/deleted_items/440.
0,/Users/greg/Documents/mit/scifi/lawyer/code/disco/data/emails/cuilla-m/deleted_items/441.
0,/Users/greg/Documents/mit/scifi/lawyer/code/disco/data/emails/cuilla-m/deleted_items/442.
0,/Users/greg/Documents/mit/scifi/lawyer/code/disco/data/emails/cuilla-m/deleted_items/443.
0,/Users/greg/Documents/mit/scifi/lawyer/code/disco/data/emails/cuilla-m/deleted_items/444.
0,/Users/greg/Documents/mit/scifi/lawyer/code/disco/data/emails/cuilla-m/deleted_items/445.
0,/Users/greg/Documents/mit/scifi/lawyer/code/disco/data/emails/cuilla-m/deleted_items/446.
0,/Users/greg/Documents/mit/scifi/lawyer/code/disco/data/emails/cuilla-m/deleted_items/447.
0,/Users/greg/Documents/mit/scifi/lawyer/code/disco/data/emails/cuilla-m/deleted_items/448.
0,/Users/greg/Documents/mit/scifi/lawyer/code/disco/data/emails/cuilla-m/deleted_items/449.
0,/Users/greg/Documents/mit/scifi/lawyer/code/disco/data/emails/cuilla-m/deleted_items/45.
0,/Users/greg/Documents/mit/scifi/lawyer/code/disco/data/emails/cuilla-m/deleted_items/450.
0,/Users/greg/Documents/mit/scifi/lawyer/code/disco/data/emails/cuilla-m/deleted_items/451.
0,/Users/greg/Documents/mit/scifi/lawyer/code/disco/data/emails/cuilla-m/deleted_items/452.
0,/Users/greg/Documents/mit/scifi/lawyer/code/disco/data/emails/cuilla-m/deleted_items/453.
0,/Users/greg/Documents/mit/scifi/lawyer/code/disco/data/emails/cuilla-m/deleted_items/454.
0,/Users/greg/Documents/mit/scifi/lawyer/code/disco/data/emails/cuilla-m/deleted_items/455.
0,/Users/greg/Documents/mit/scifi/lawyer/code/disco/data/emails/cuilla-m/deleted_items/456.
0,/Users/greg/Documents/mit/scifi/lawyer/code/disco/data/emails/cuilla-m/deleted_items/457.
0,/Users/greg/Documents/mit/scifi/lawyer/code/disco/data/emails/cuilla-m/deleted_items/458.
0,/Users/greg/Documents/mit/scifi/lawyer/code/disco/data/emails/cuilla-m/deleted_items/46.
0,/Users/greg/Documents/mit/scifi/lawyer/code/disco/data/emails/cuilla-m/deleted_items/47.
0,/Users/greg/Documents/mit/scifi/lawyer/code/disco/data/emails/cuilla-m/deleted_items/48.
0,/Users/greg/Documents/mit/scifi/lawyer/code/disco/data/emails/cuilla-m/deleted_items/49.
0,/Users/greg/Documents/mit/scifi/lawyer/code/disco/data/emails/cuilla-m/deleted_items/5.
0,/Users/greg/Documents/mit/scifi/lawyer/code/disco/data/emails/cuilla-m/deleted_items/50.
0,/Users/greg/Documents/mit/scifi/lawyer/code/disco/data/emails/cuilla-m/deleted_items/51.
0,/Users/greg/Documents/mit/scifi/lawyer/code/disco/data/emails/cuilla-m/deleted_items/52.
1,/Users/greg/Documents/mit/scifi/lawyer/code/disco/data/emails/cuilla-m/deleted_items/53.
0,/Users/greg/Documents/mit/scifi/lawyer/code/disco/data/emails/cuilla-m/deleted_items/54.
0,/Users/greg/Documents/mit/scifi/lawyer/code/disco/data/emails/cuilla-m/deleted_items/543.
0,/Users/greg/Documents/mit/scifi/lawyer/code/disco/data/emails/cuilla-m/deleted_items/545.
0,/Users/greg/Documents/mit/scifi/lawyer/code/disco/data/emails/cuilla-m/deleted_items/546.
0,/Users/greg/Documents/mit/scifi/lawyer/code/disco/data/emails/cuilla-m/deleted_items/547.
0,/Users/greg/Documents/mit/scifi/lawyer/code/disco/data/emails/cuilla-m/deleted_items/548.
0,/Users/greg/Documents/mit/scifi/lawyer/code/disco/data/emails/cuilla-m/deleted_items/549.
0,/Users/greg/Documents/mit/scifi/lawyer/code/disco/data/emails/cuilla-m/deleted_items/55.
0,/Users/greg/Documents/mit/scifi/lawyer/code/disco/data/emails/cuilla-m/deleted_items/550.
0,/Users/greg/Documents/mit/scifi/lawyer/code/disco/data/emails/cuilla-m/deleted_items/551.
0,/Users/greg/Documents/mit/scifi/lawyer/code/disco/data/emails/cuilla-m/deleted_items/552.
0,/Users/greg/Documents/mit/scifi/lawyer/code/disco/data/emails/cuilla-m/deleted_items/553.
0,/Users/greg/Documents/mit/scifi/lawyer/code/disco/data/emails/cuilla-m/deleted_items/554.
0,/Users/greg/Documents/mit/scifi/lawyer/code/disco/data/emails/cuilla-m/deleted_items/555.
0,/Users/greg/Documents/mit/scifi/lawyer/code/disco/data/emails/cuilla-m/deleted_items/556.
0,/Users/greg/Documents/mit/scifi/lawyer/code/disco/data/emails/cuilla-m/deleted_items/557.
0,/Users/greg/Documents/mit/scifi/lawyer/code/disco/data/emails/cuilla-m/deleted_items/558.
0,/Users/greg/Documents/mit/scifi/lawyer/code/disco/data/emails/cuilla-m/deleted_items/559.
0,/Users/greg/Documents/mit/scifi/lawyer/code/disco/data/emails/cuilla-m/deleted_items/56.
0,/Users/greg/Documents/mit/scifi/lawyer/code/disco/data/emails/cuilla-m/deleted_items/560.
0,/Users/greg/Documents/mit/scifi/lawyer/code/disco/data/emails/cuilla-m/deleted_items/561.
0,/Users/greg/Documents/mit/scifi/lawyer/code/disco/data/emails/cuilla-m/deleted_items/562.
0,/Users/greg/Documents/mit/scifi/lawyer/code/disco/data/emails/cuilla-m/deleted_items/563.
0,/Users/greg/Documents/mit/scifi/lawyer/code/disco/data/emails/cuilla-m/deleted_items/564.
0,/Users/greg/Documents/mit/scifi/lawyer/code/disco/data/emails/cuilla-m/deleted_items/565.
0,/Users/greg/Documents/mit/scifi/lawyer/code/disco/data/emails/cuilla-m/deleted_items/566.
0,/Users/greg/Documents/mit/scifi/lawyer/code/disco/data/emails/cuilla-m/deleted_items/567.
0,/Users/greg/Documents/mit/scifi/lawyer/code/disco/data/emails/cuilla-m/deleted_items/57.
0,/Users/greg/Documents/mit/scifi/lawyer/code/disco/data/emails/cuilla-m/deleted_items/58.
0,/Users/greg/Documents/mit/scifi/lawyer/code/disco/data/emails/cuilla-m/deleted_items/59.
0,/Users/greg/Documents/mit/scifi/lawyer/code/disco/data/emails/cuilla-m/deleted_items/6.
1,/Users/greg/Documents/mit/scifi/lawyer/code/disco/data/emails/cuilla-m/deleted_items/60.
1,/Users/greg/Documents/mit/scifi/lawyer/code/disco/data/emails/cuilla-m/deleted_items/61.
1,/Users/greg/Documents/mit/scifi/lawyer/code/disco/data/emails/cuilla-m/deleted_items/62.
0,/Users/greg/Documents/mit/scifi/lawyer/code/disco/data/emails/cuilla-m/deleted_items/63.
0,/Users/greg/Documents/mit/scifi/lawyer/code/disco/data/emails/cuilla-m/deleted_items/64.
0,/Users/greg/Documents/mit/scifi/lawyer/code/disco/data/emails/cuilla-m/deleted_items/65.
0,/Users/greg/Documents/mit/scifi/lawyer/code/disco/data/emails/cuilla-m/deleted_items/66.
0,/Users/greg/Documents/mit/scifi/lawyer/code/disco/data/emails/cuilla-m/deleted_items/67.
0,/Users/greg/Documents/mit/scifi/lawyer/code/disco/data/emails/cuilla-m/deleted_items/68.
1,/Users/greg/Documents/mit/scifi/lawyer/code/disco/data/emails/cuilla-m/deleted_items/69.
0,/Users/greg/Documents/mit/scifi/lawyer/code/disco/data/emails/cuilla-m/deleted_items/7.
0,/Users/greg/Documents/mit/scifi/lawyer/code/disco/data/emails/cuilla-m/deleted_items/70.
0,/Users/greg/Documents/mit/scifi/lawyer/code/disco/data/emails/cuilla-m/deleted_items/71.
1,/Users/greg/Documents/mit/scifi/lawyer/code/disco/data/emails/cuilla-m/deleted_items/72.
0,/Users/greg/Documents/mit/scifi/lawyer/code/disco/data/emails/cuilla-m/deleted_items/73.
0,/Users/greg/Documents/mit/scifi/lawyer/code/disco/data/emails/cuilla-m/deleted_items/74.
0,/Users/greg/Documents/mit/scifi/lawyer/code/disco/data/emails/cuilla-m/deleted_items/75.
0,/Users/greg/Documents/mit/scifi/lawyer/code/disco/data/emails/cuilla-m/deleted_items/76.
0,/Users/greg/Documents/mit/scifi/lawyer/code/disco/data/emails/cuilla-m/deleted_items/77.
0,/Users/greg/Documents/mit/scifi/lawyer/code/disco/data/emails/cuilla-m/deleted_items/78.
0,/Users/greg/Documents/mit/scifi/lawyer/code/disco/data/emails/cuilla-m/deleted_items/79.
0,/Users/greg/Documents/mit/scifi/lawyer/code/disco/data/emails/cuilla-m/deleted_items/8.
0,/Users/greg/Documents/mit/scifi/lawyer/code/disco/data/emails/cuilla-m/deleted_items/80.
0,/Users/greg/Documents/mit/scifi/lawyer/code/disco/data/emails/cuilla-m/deleted_items/81.
0,/Users/greg/Documents/mit/scifi/lawyer/code/disco/data/emails/cuilla-m/deleted_items/82.
0,/Users/greg/Documents/mit/scifi/lawyer/code/disco/data/emails/cuilla-m/deleted_items/83.
0,/Users/greg/Documents/mit/scifi/lawyer/code/disco/data/emails/cuilla-m/deleted_items/84.
0,/Users/greg/Documents/mit/scifi/lawyer/code/disco/data/emails/cuilla-m/deleted_items/85.
0,/Users/greg/Documents/mit/scifi/lawyer/code/disco/data/emails/cuilla-m/deleted_items/86.
0,/Users/greg/Documents/mit/scifi/lawyer/code/disco/data/emails/cuilla-m/deleted_items/87.
0,/Users/greg/Documents/mit/scifi/lawyer/code/disco/data/emails/cuilla-m/deleted_items/88.
0,/Users/greg/Documents/mit/scifi/lawyer/code/disco/data/emails/cuilla-m/deleted_items/89.
0,/Users/greg/Documents/mit/scifi/lawyer/code/disco/data/emails/cuilla-m/deleted_items/9.
0,/Users/greg/Documents/mit/scifi/lawyer/code/disco/data/emails/cuilla-m/deleted_items/90.
0,/Users/greg/Documents/mit/scifi/lawyer/code/disco/data/emails/cuilla-m/deleted_items/91.
0,/Users/greg/Documents/mit/scifi/lawyer/code/disco/data/emails/cuilla-m/deleted_items/92.
0,/Users/greg/Documents/mit/scifi/lawyer/code/disco/data/emails/cuilla-m/deleted_items/93.
0,/Users/greg/Documents/mit/scifi/lawyer/code/disco/data/emails/cuilla-m/deleted_items/94.
0,/Users/greg/Documents/mit/scifi/lawyer/code/disco/data/emails/cuilla-m/deleted_items/96.
0,/Users/greg/Documents/mit/scifi/lawyer/code/disco/data/emails/cuilla-m/deleted_items/97.
0,/Users/greg/Documents/mit/scifi/lawyer/code/disco/data/emails/cuilla-m/deleted_items/98.
0,/Users/greg/Documents/mit/scifi/lawyer/code/disco/data/emails/cuilla-m/deleted_items/99.
0,/Users/greg/Documents/mit/scifi/lawyer/code/disco/data/emails/cuilla-m/discussion_threads/1.
0,/Users/greg/Documents/mit/scifi/lawyer/code/disco/data/emails/cuilla-m/discussion_threads/10.
0,/Users/greg/Documents/mit/scifi/lawyer/code/disco/data/emails/cuilla-m/discussion_threads/103.
0,/Users/greg/Documents/mit/scifi/lawyer/code/disco/data/emails/cuilla-m/discussion_threads/11.
0,/Users/greg/Documents/mit/scifi/lawyer/code/disco/data/emails/cuilla-m/discussion_threads/116.
0,/Users/greg/Documents/mit/scifi/lawyer/code/disco/data/emails/cuilla-m/discussion_threads/117.
0,/Users/greg/Documents/mit/scifi/lawyer/code/disco/data/emails/cuilla-m/discussion_threads/118.
0,/Users/greg/Documents/mit/scifi/lawyer/code/disco/data/emails/cuilla-m/discussion_threads/119.
0,/Users/greg/Documents/mit/scifi/lawyer/code/disco/data/emails/cuilla-m/discussion_threads/12.
0,/Users/greg/Documents/mit/scifi/lawyer/code/disco/data/emails/cuilla-m/discussion_threads/120.
1,/Users/greg/Documents/mit/scifi/lawyer/code/disco/data/emails/cuilla-m/discussion_threads/121.
0,/Users/greg/Documents/mit/scifi/lawyer/code/disco/data/emails/cuilla-m/discussion_threads/122.
0,/Users/greg/Documents/mit/scifi/lawyer/code/disco/data/emails/cuilla-m/discussion_threads/123.
1,/Users/greg/Documents/mit/scifi/lawyer/code/disco/data/emails/cuilla-m/discussion_threads/124.
1,/Users/greg/Documents/mit/scifi/lawyer/code/disco/data/emails/cuilla-m/discussion_threads/125.
1,/Users/greg/Documents/mit/scifi/lawyer/code/disco/data/emails/cuilla-m/discussion_threads/126.
1,/Users/greg/Documents/mit/scifi/lawyer/code/disco/data/emails/cuilla-m/discussion_threads/127.
0,/Users/greg/Documents/mit/scifi/lawyer/code/disco/data/emails/cuilla-m/discussion_threads/128.
1,/Users/greg/Documents/mit/scifi/lawyer/code/disco/data/emails/cuilla-m/discussion_threads/129.
0,/Users/greg/Documents/mit/scifi/lawyer/code/disco/data/emails/cuilla-m/discussion_threads/13.
0,/Users/greg/Documents/mit/scifi/lawyer/code/disco/data/emails/cuilla-m/discussion_threads/130.
0,/Users/greg/Documents/mit/scifi/lawyer/code/disco/data/emails/cuilla-m/discussion_threads/131.
1,/Users/greg/Documents/mit/scifi/lawyer/code/disco/data/emails/cuilla-m/discussion_threads/132.
1,/Users/greg/Documents/mit/scifi/lawyer/code/disco/data/emails/cuilla-m/discussion_threads/133.
0,/Users/greg/Documents/mit/scifi/lawyer/code/disco/data/emails/cuilla-m/discussion_threads/134.
0,/Users/greg/Documents/mit/scifi/lawyer/code/disco/data/emails/cuilla-m/discussion_threads/135.
1,/Users/greg/Documents/mit/scifi/lawyer/code/disco/data/emails/cuilla-m/discussion_threads/136.
0,/Users/greg/Documents/mit/scifi/lawyer/code/disco/data/emails/cuilla-m/discussion_threads/137.
0,/Users/greg/Documents/mit/scifi/lawyer/code/disco/data/emails/cuilla-m/discussion_threads/138.
0,/Users/greg/Documents/mit/scifi/lawyer/code/disco/data/emails/cuilla-m/discussion_threads/139.
0,/Users/greg/Documents/mit/scifi/lawyer/code/disco/data/emails/cuilla-m/discussion_threads/14.
0,/Users/greg/Documents/mit/scifi/lawyer/code/disco/data/emails/cuilla-m/discussion_threads/140.
0,/Users/greg/Documents/mit/scifi/lawyer/code/disco/data/emails/cuilla-m/discussion_threads/141.
0,/Users/greg/Documents/mit/scifi/lawyer/code/disco/data/emails/cuilla-m/discussion_threads/142.
0,/Users/greg/Documents/mit/scifi/lawyer/code/disco/data/emails/cuilla-m/discussion_threads/143.
0,/Users/greg/Documents/mit/scifi/lawyer/code/disco/data/emails/cuilla-m/discussion_threads/144.
0,/Users/greg/Documents/mit/scifi/lawyer/code/disco/data/emails/cuilla-m/discussion_threads/145.
0,/Users/greg/Documents/mit/scifi/lawyer/code/disco/data/emails/cuilla-m/discussion_threads/146.
0,/Users/greg/Documents/mit/scifi/lawyer/code/disco/data/emails/cuilla-m/discussion_threads/147.
0,/Users/greg/Documents/mit/scifi/lawyer/code/disco/data/emails/cuilla-m/discussion_threads/148.
0,/Users/greg/Documents/mit/scifi/lawyer/code/disco/data/emails/cuilla-m/discussion_threads/15.
0,/Users/greg/Documents/mit/scifi/lawyer/code/disco/data/emails/cuilla-m/discussion_threads/16.
0,/Users/greg/Documents/mit/scifi/lawyer/code/disco/data/emails/cuilla-m/discussion_threads/17.
0,/Users/greg/Documents/mit/scifi/lawyer/code/disco/data/emails/cuilla-m/discussion_threads/18.
0,/Users/greg/Documents/mit/scifi/lawyer/code/disco/data/emails/cuilla-m/discussion_threads/19.
0,/Users/greg/Documents/mit/scifi/lawyer/code/disco/data/emails/cuilla-m/discussion_threads/2.
0,/Users/greg/Documents/mit/scifi/lawyer/code/disco/data/emails/cuilla-m/discussion_threads/20.
0,/Users/greg/Documents/mit/scifi/lawyer/code/disco/data/emails/cuilla-m/discussion_threads/21.
0,/Users/greg/Documents/mit/scifi/lawyer/code/disco/data/emails/cuilla-m/discussion_threads/22.
0,/Users/greg/Documents/mit/scifi/lawyer/code/disco/data/emails/cuilla-m/discussion_threads/27.
0,/Users/greg/Documents/mit/scifi/lawyer/code/disco/data/emails/cuilla-m/discussion_threads/28.
0,/Users/greg/Documents/mit/scifi/lawyer/code/disco/data/emails/cuilla-m/discussion_threads/29.
0,/Users/greg/Documents/mit/scifi/lawyer/code/disco/data/emails/cuilla-m/discussion_threads/3.
0,/Users/greg/Documents/mit/scifi/lawyer/code/disco/data/emails/cuilla-m/discussion_threads/30.
0,/Users/greg/Documents/mit/scifi/lawyer/code/disco/data/emails/cuilla-m/discussion_threads/31.
0,/Users/greg/Documents/mit/scifi/lawyer/code/disco/data/emails/cuilla-m/discussion_threads/32.
0,/Users/greg/Documents/mit/scifi/lawyer/code/disco/data/emails/cuilla-m/discussion_threads/33.
0,/Users/greg/Documents/mit/scifi/lawyer/code/disco/data/emails/cuilla-m/discussion_threads/34.
0,/Users/greg/Documents/mit/scifi/lawyer/code/disco/data/emails/cuilla-m/discussion_threads/35.
0,/Users/greg/Documents/mit/scifi/lawyer/code/disco/data/emails/cuilla-m/discussion_threads/36.
0,/Users/greg/Documents/mit/scifi/lawyer/code/disco/data/emails/cuilla-m/discussion_threads/37.
0,/Users/greg/Documents/mit/scifi/lawyer/code/disco/data/emails/cuilla-m/discussion_threads/38.
0,/Users/greg/Documents/mit/scifi/lawyer/code/disco/data/emails/cuilla-m/discussion_threads/39.
0,/Users/greg/Documents/mit/scifi/lawyer/code/disco/data/emails/cuilla-m/discussion_threads/4.
0,/Users/greg/Documents/mit/scifi/lawyer/code/disco/data/emails/cuilla-m/discussion_threads/40.
0,/Users/greg/Documents/mit/scifi/lawyer/code/disco/data/emails/cuilla-m/discussion_threads/41.
0,/Users/greg/Documents/mit/scifi/lawyer/code/disco/data/emails/cuilla-m/discussion_threads/42.
0,/Users/greg/Documents/mit/scifi/lawyer/code/disco/data/emails/cuilla-m/discussion_threads/43.
0,/Users/greg/Documents/mit/scifi/lawyer/code/disco/data/emails/cuilla-m/discussion_threads/45.
0,/Users/greg/Documents/mit/scifi/lawyer/code/disco/data/emails/cuilla-m/discussion_threads/46.
0,/Users/greg/Documents/mit/scifi/lawyer/code/disco/data/emails/cuilla-m/discussion_threads/47.
0,/Users/greg/Documents/mit/scifi/lawyer/code/disco/data/emails/cuilla-m/discussion_threads/48.
0,/Users/greg/Documents/mit/scifi/lawyer/code/disco/data/emails/cuilla-m/discussion_threads/49.
0,/Users/greg/Documents/mit/scifi/lawyer/code/disco/data/emails/cuilla-m/discussion_threads/5.
0,/Users/greg/Documents/mit/scifi/lawyer/code/disco/data/emails/cuilla-m/discussion_threads/50.
0,/Users/greg/Documents/mit/scifi/lawyer/code/disco/data/emails/cuilla-m/discussion_threads/51.
0,/Users/greg/Documents/mit/scifi/lawyer/code/disco/data/emails/cuilla-m/discussion_threads/52.
0,/Users/greg/Documents/mit/scifi/lawyer/code/disco/data/emails/cuilla-m/discussion_threads/53.
0,/Users/greg/Documents/mit/scifi/lawyer/code/disco/data/emails/cuilla-m/discussion_threads/54.
0,/Users/greg/Documents/mit/scifi/lawyer/code/disco/data/emails/cuilla-m/discussion_threads/55.
0,/Users/greg/Documents/mit/scifi/lawyer/code/disco/data/emails/cuilla-m/discussion_threads/56.
0,/Users/greg/Documents/mit/scifi/lawyer/code/disco/data/emails/cuilla-m/discussion_threads/57.
0,/Users/greg/Documents/mit/scifi/lawyer/code/disco/data/emails/cuilla-m/discussion_threads/58.
0,/Users/greg/Documents/mit/scifi/lawyer/code/disco/data/emails/cuilla-m/discussion_threads/59.
0,/Users/greg/Documents/mit/scifi/lawyer/code/disco/data/emails/cuilla-m/discussion_threads/6.
0,/Users/greg/Documents/mit/scifi/lawyer/code/disco/data/emails/cuilla-m/discussion_threads/60.
0,/Users/greg/Documents/mit/scifi/lawyer/code/disco/data/emails/cuilla-m/discussion_threads/61.
0,/Users/greg/Documents/mit/scifi/lawyer/code/disco/data/emails/cuilla-m/discussion_threads/62.
0,/Users/greg/Documents/mit/scifi/lawyer/code/disco/data/emails/cuilla-m/discussion_threads/63.
0,/Users/greg/Documents/mit/scifi/lawyer/code/disco/data/emails/cuilla-m/discussion_threads/64.
0,/Users/greg/Documents/mit/scifi/lawyer/code/disco/data/emails/cuilla-m/discussion_threads/65.
0,/Users/greg/Documents/mit/scifi/lawyer/code/disco/data/emails/cuilla-m/discussion_threads/67.
0,/Users/greg/Documents/mit/scifi/lawyer/code/disco/data/emails/cuilla-m/discussion_threads/68.
0,/Users/greg/Documents/mit/scifi/lawyer/code/disco/data/emails/cuilla-m/discussion_threads/69.
0,/Users/greg/Documents/mit/scifi/lawyer/code/disco/data/emails/cuilla-m/discussion_threads/7.
0,/Users/greg/Documents/mit/scifi/lawyer/code/disco/data/emails/cuilla-m/discussion_threads/70.
0,/Users/greg/Documents/mit/scifi/lawyer/code/disco/data/emails/cuilla-m/discussion_threads/71.
0,/Users/greg/Documents/mit/scifi/lawyer/code/disco/data/emails/cuilla-m/discussion_threads/72.
0,/Users/greg/Documents/mit/scifi/lawyer/code/disco/data/emails/cuilla-m/discussion_threads/73.
0,/Users/greg/Documents/mit/scifi/lawyer/code/disco/data/emails/cuilla-m/discussion_threads/74.
0,/Users/greg/Documents/mit/scifi/lawyer/code/disco/data/emails/cuilla-m/discussion_threads/75.
1,/Users/greg/Documents/mit/scifi/lawyer/code/disco/data/emails/cuilla-m/discussion_threads/76.
0,/Users/greg/Documents/mit/scifi/lawyer/code/disco/data/emails/cuilla-m/discussion_threads/77.
0,/Users/greg/Documents/mit/scifi/lawyer/code/disco/data/emails/cuilla-m/discussion_threads/78.
0,/Users/greg/Documents/mit/scifi/lawyer/code/disco/data/emails/cuilla-m/discussion_threads/79.
0,/Users/greg/Documents/mit/scifi/lawyer/code/disco/data/emails/cuilla-m/discussion_threads/8.
0,/Users/greg/Documents/mit/scifi/lawyer/code/disco/data/emails/cuilla-m/discussion_threads/80.
0,/Users/greg/Documents/mit/scifi/lawyer/code/disco/data/emails/cuilla-m/discussion_threads/81.
0,/Users/greg/Documents/mit/scifi/lawyer/code/disco/data/emails/cuilla-m/discussion_threads/82.
0,/Users/greg/Documents/mit/scifi/lawyer/code/disco/data/emails/cuilla-m/discussion_threads/83.
0,/Users/greg/Documents/mit/scifi/lawyer/code/disco/data/emails/cuilla-m/discussion_threads/84.
0,/Users/greg/Documents/mit/scifi/lawyer/code/disco/data/emails/cuilla-m/discussion_threads/85.
0,/Users/greg/Documents/mit/scifi/lawyer/code/disco/data/emails/cuilla-m/discussion_threads/86.
0,/Users/greg/Documents/mit/scifi/lawyer/code/disco/data/emails/cuilla-m/discussion_threads/87.
0,/Users/greg/Documents/mit/scifi/lawyer/code/disco/data/emails/cuilla-m/discussion_threads/88.
0,/Users/greg/Documents/mit/scifi/lawyer/code/disco/data/emails/cuilla-m/discussion_threads/89.
0,/Users/greg/Documents/mit/scifi/lawyer/code/disco/data/emails/cuilla-m/discussion_threads/9.
0,/Users/greg/Documents/mit/scifi/lawyer/code/disco/data/emails/cuilla-m/discussion_threads/90.
0,/Users/greg/Documents/mit/scifi/lawyer/code/disco/data/emails/cuilla-m/discussion_threads/91.
0,/Users/greg/Documents/mit/scifi/lawyer/code/disco/data/emails/cuilla-m/discussion_threads/92.
0,/Users/greg/Documents/mit/scifi/lawyer/code/disco/data/emails/cuilla-m/discussion_threads/93.
0,/Users/greg/Documents/mit/scifi/lawyer/code/disco/data/emails/cuilla-m/discussion_threads/94.
0,/Users/greg/Documents/mit/scifi/lawyer/code/disco/data/emails/cuilla-m/discussion_threads/98.
0,/Users/greg/Documents/mit/scifi/lawyer/code/disco/data/emails/cuilla-m/inbox/1.
1,/Users/greg/Documents/mit/scifi/lawyer/code/disco/data/emails/cuilla-m/inbox/10.
0,/Users/greg/Documents/mit/scifi/lawyer/code/disco/data/emails/cuilla-m/inbox/11.
0,/Users/greg/Documents/mit/scifi/lawyer/code/disco/data/emails/cuilla-m/inbox/12.
0,/Users/greg/Documents/mit/scifi/lawyer/code/disco/data/emails/cuilla-m/inbox/13.
0,/Users/greg/Documents/mit/scifi/lawyer/code/disco/data/emails/cuilla-m/inbox/14.
0,/Users/greg/Documents/mit/scifi/lawyer/code/disco/data/emails/cuilla-m/inbox/15.
1,/Users/greg/Documents/mit/scifi/lawyer/code/disco/data/emails/cuilla-m/inbox/16.
1,/Users/greg/Documents/mit/scifi/lawyer/code/disco/data/emails/cuilla-m/inbox/17.
0,/Users/greg/Documents/mit/scifi/lawyer/code/disco/data/emails/cuilla-m/inbox/18.
0,/Users/greg/Documents/mit/scifi/lawyer/code/disco/data/emails/cuilla-m/inbox/19.
0,/Users/greg/Documents/mit/scifi/lawyer/code/disco/data/emails/cuilla-m/inbox/2.
1,/Users/greg/Documents/mit/scifi/lawyer/code/disco/data/emails/cuilla-m/inbox/20.
0,/Users/greg/Documents/mit/scifi/lawyer/code/disco/data/emails/cuilla-m/inbox/21.
0,/Users/greg/Documents/mit/scifi/lawyer/code/disco/data/emails/cuilla-m/inbox/22.
1,/Users/greg/Documents/mit/scifi/lawyer/code/disco/data/emails/cuilla-m/inbox/23.
0,/Users/greg/Documents/mit/scifi/lawyer/code/disco/data/emails/cuilla-m/inbox/24.
0,/Users/greg/Documents/mit/scifi/lawyer/code/disco/data/emails/cuilla-m/inbox/25.
0,/Users/greg/Documents/mit/scifi/lawyer/code/disco/data/emails/cuilla-m/inbox/26.
0,/Users/greg/Documents/mit/scifi/lawyer/code/disco/data/emails/cuilla-m/inbox/27.
0,/Users/greg/Documents/mit/scifi/lawyer/code/disco/data/emails/cuilla-m/inbox/28.
0,/Users/greg/Documents/mit/scifi/lawyer/code/disco/data/emails/cuilla-m/inbox/29.
0,/Users/greg/Documents/mit/scifi/lawyer/code/disco/data/emails/cuilla-m/inbox/3.
0,/Users/greg/Documents/mit/scifi/lawyer/code/disco/data/emails/cuilla-m/inbox/30.
0,/Users/greg/Documents/mit/scifi/lawyer/code/disco/data/emails/cuilla-m/inbox/31.
0,/Users/greg/Documents/mit/scifi/lawyer/code/disco/data/emails/cuilla-m/inbox/32.
0,/Users/greg/Documents/mit/scifi/lawyer/code/disco/data/emails/cuilla-m/inbox/33.
0,/Users/greg/Documents/mit/scifi/lawyer/code/disco/data/emails/cuilla-m/inbox/34.
0,/Users/greg/Documents/mit/scifi/lawyer/code/disco/data/emails/cuilla-m/inbox/35.
1,/Users/greg/Documents/mit/scifi/lawyer/code/disco/data/emails/cuilla-m/inbox/36.
0,/Users/greg/Documents/mit/scifi/lawyer/code/disco/data/emails/cuilla-m/inbox/37.
0,/Users/greg/Documents/mit/scifi/lawyer/code/disco/data/emails/cuilla-m/inbox/38.
0,/Users/greg/Documents/mit/scifi/lawyer/code/disco/data/emails/cuilla-m/inbox/39.
0,/Users/greg/Documents/mit/scifi/lawyer/code/disco/data/emails/cuilla-m/inbox/4.
0,/Users/greg/Documents/mit/scifi/lawyer/code/disco/data/emails/cuilla-m/inbox/40.
0,/Users/greg/Documents/mit/scifi/lawyer/code/disco/data/emails/cuilla-m/inbox/41.
0,/Users/greg/Documents/mit/scifi/lawyer/code/disco/data/emails/cuilla-m/inbox/42.
0,/Users/greg/Documents/mit/scifi/lawyer/code/disco/data/emails/cuilla-m/inbox/43.
0,/Users/greg/Documents/mit/scifi/lawyer/code/disco/data/emails/cuilla-m/inbox/44.
0,/Users/greg/Documents/mit/scifi/lawyer/code/disco/data/emails/cuilla-m/inbox/5.
0,/Users/greg/Documents/mit/scifi/lawyer/code/disco/data/emails/cuilla-m/inbox/52.
0,/Users/greg/Documents/mit/scifi/lawyer/code/disco/data/emails/cuilla-m/inbox/53.
0,/Users/greg/Documents/mit/scifi/lawyer/code/disco/data/emails/cuilla-m/inbox/54.
0,/Users/greg/Documents/mit/scifi/lawyer/code/disco/data/emails/cuilla-m/inbox/55.
0,/Users/greg/Documents/mit/scifi/lawyer/code/disco/data/emails/cuilla-m/inbox/56.
0,/Users/greg/Documents/mit/scifi/lawyer/code/disco/data/emails/cuilla-m/inbox/57.
0,/Users/greg/Documents/mit/scifi/lawyer/code/disco/data/emails/cuilla-m/inbox/6.
0,/Users/greg/Documents/mit/scifi/lawyer/code/disco/data/emails/cuilla-m/inbox/60.
0,/Users/greg/Documents/mit/scifi/lawyer/code/disco/data/emails/cuilla-m/inbox/61.
0,/Users/greg/Documents/mit/scifi/lawyer/code/disco/data/emails/cuilla-m/inbox/62.
0,/Users/greg/Documents/mit/scifi/lawyer/code/disco/data/emails/cuilla-m/inbox/63.
0,/Users/greg/Documents/mit/scifi/lawyer/code/disco/data/emails/cuilla-m/inbox/64.
0,/Users/greg/Documents/mit/scifi/lawyer/code/disco/data/emails/cuilla-m/inbox/65.
0,/Users/greg/Documents/mit/scifi/lawyer/code/disco/data/emails/cuilla-m/inbox/66.
0,/Users/greg/Documents/mit/scifi/lawyer/code/disco/data/emails/cuilla-m/inbox/67.
0,/Users/greg/Documents/mit/scifi/lawyer/code/disco/data/emails/cuilla-m/inbox/68.
0,/Users/greg/Documents/mit/scifi/lawyer/code/disco/data/emails/cuilla-m/inbox/69.
0,/Users/greg/Documents/mit/scifi/lawyer/code/disco/data/emails/cuilla-m/inbox/7.
1,/Users/greg/Documents/mit/scifi/lawyer/code/disco/data/emails/cuilla-m/inbox/70.
0,/Users/greg/Documents/mit/scifi/lawyer/code/disco/data/emails/cuilla-m/inbox/71.
0,/Users/greg/Documents/mit/scifi/lawyer/code/disco/data/emails/cuilla-m/inbox/72.
0,/Users/greg/Documents/mit/scifi/lawyer/code/disco/data/emails/cuilla-m/inbox/73.
0,/Users/greg/Documents/mit/scifi/lawyer/code/disco/data/emails/cuilla-m/inbox/74.
1,/Users/greg/Documents/mit/scifi/lawyer/code/disco/data/emails/cuilla-m/inbox/75.
0,/Users/greg/Documents/mit/scifi/lawyer/code/disco/data/emails/cuilla-m/inbox/76.
0,/Users/greg/Documents/mit/scifi/lawyer/code/disco/data/emails/cuilla-m/inbox/77.
0,/Users/greg/Documents/mit/scifi/lawyer/code/disco/data/emails/cuilla-m/inbox/78.
0,/Users/greg/Documents/mit/scifi/lawyer/code/disco/data/emails/cuilla-m/inbox/79.
0,/Users/greg/Documents/mit/scifi/lawyer/code/disco/data/emails/cuilla-m/inbox/8.
0,/Users/greg/Documents/mit/scifi/lawyer/code/disco/data/emails/cuilla-m/inbox/80.
0,/Users/greg/Documents/mit/scifi/lawyer/code/disco/data/emails/cuilla-m/inbox/9.
0,/Users/greg/Documents/mit/scifi/lawyer/code/disco/data/emails/cuilla-m/notes_inbox/1.
0,/Users/greg/Documents/mit/scifi/lawyer/code/disco/data/emails/cuilla-m/notes_inbox/10.
0,/Users/greg/Documents/mit/scifi/lawyer/code/disco/data/emails/cuilla-m/notes_inbox/11.
0,/Users/greg/Documents/mit/scifi/lawyer/code/disco/data/emails/cuilla-m/notes_inbox/12.
1,/Users/greg/Documents/mit/scifi/lawyer/code/disco/data/emails/cuilla-m/notes_inbox/13.
0,/Users/greg/Documents/mit/scifi/lawyer/code/disco/data/emails/cuilla-m/notes_inbox/14.
0,/Users/greg/Documents/mit/scifi/lawyer/code/disco/data/emails/cuilla-m/notes_inbox/15.
1,/Users/greg/Documents/mit/scifi/lawyer/code/disco/data/emails/cuilla-m/notes_inbox/16.
1,/Users/greg/Documents/mit/scifi/lawyer/code/disco/data/emails/cuilla-m/notes_inbox/17.
0,/Users/greg/Documents/mit/scifi/lawyer/code/disco/data/emails/cuilla-m/notes_inbox/18.
0,/Users/greg/Documents/mit/scifi/lawyer/code/disco/data/emails/cuilla-m/notes_inbox/19.
0,/Users/greg/Documents/mit/scifi/lawyer/code/disco/data/emails/cuilla-m/notes_inbox/2.
1,/Users/greg/Documents/mit/scifi/lawyer/code/disco/data/emails/cuilla-m/notes_inbox/20.
0,/Users/greg/Documents/mit/scifi/lawyer/code/disco/data/emails/cuilla-m/notes_inbox/21.
1,/Users/greg/Documents/mit/scifi/lawyer/code/disco/data/emails/cuilla-m/notes_inbox/22.
1,/Users/greg/Documents/mit/scifi/lawyer/code/disco/data/emails/cuilla-m/notes_inbox/23.
1,/Users/greg/Documents/mit/scifi/lawyer/code/disco/data/emails/cuilla-m/notes_inbox/24.
1,/Users/greg/Documents/mit/scifi/lawyer/code/disco/data/emails/cuilla-m/notes_inbox/25.
0,/Users/greg/Documents/mit/scifi/lawyer/code/disco/data/emails/cuilla-m/notes_inbox/26.
0,/Users/greg/Documents/mit/scifi/lawyer/code/disco/data/emails/cuilla-m/notes_inbox/27.
0,/Users/greg/Documents/mit/scifi/lawyer/code/disco/data/emails/cuilla-m/notes_inbox/28.
0,/Users/greg/Documents/mit/scifi/lawyer/code/disco/data/emails/cuilla-m/notes_inbox/29.
0,/Users/greg/Documents/mit/scifi/lawyer/code/disco/data/emails/cuilla-m/notes_inbox/3.
0,/Users/greg/Documents/mit/scifi/lawyer/code/disco/data/emails/cuilla-m/notes_inbox/4.
0,/Users/greg/Documents/mit/scifi/lawyer/code/disco/data/emails/cuilla-m/notes_inbox/5.
0,/Users/greg/Documents/mit/scifi/lawyer/code/disco/data/emails/cuilla-m/notes_inbox/6.
0,/Users/greg/Documents/mit/scifi/lawyer/code/disco/data/emails/cuilla-m/notes_inbox/7.
0,/Users/greg/Documents/mit/scifi/lawyer/code/disco/data/emails/cuilla-m/notes_inbox/8.
0,/Users/greg/Documents/mit/scifi/lawyer/code/disco/data/emails/cuilla-m/notes_inbox/9.
0,/Users/greg/Documents/mit/scifi/lawyer/code/disco/data/emails/cuilla-m/personal/1.
0,/Users/greg/Documents/mit/scifi/lawyer/code/disco/data/emails/cuilla-m/personal/10.
0,/Users/greg/Documents/mit/scifi/lawyer/code/disco/data/emails/cuilla-m/personal/11.
0,/Users/greg/Documents/mit/scifi/lawyer/code/disco/data/emails/cuilla-m/personal/12.
0,/Users/greg/Documents/mit/scifi/lawyer/code/disco/data/emails/cuilla-m/personal/14.
0,/Users/greg/Documents/mit/scifi/lawyer/code/disco/data/emails/cuilla-m/personal/15.
0,/Users/greg/Documents/mit/scifi/lawyer/code/disco/data/emails/cuilla-m/personal/16.
0,/Users/greg/Documents/mit/scifi/lawyer/code/disco/data/emails/cuilla-m/personal/17.
0,/Users/greg/Documents/mit/scifi/lawyer/code/disco/data/emails/cuilla-m/personal/18.
0,/Users/greg/Documents/mit/scifi/lawyer/code/disco/data/emails/cuilla-m/personal/19.
0,/Users/greg/Documents/mit/scifi/lawyer/code/disco/data/emails/cuilla-m/personal/2.
0,/Users/greg/Documents/mit/scifi/lawyer/code/disco/data/emails/cuilla-m/personal/20.
0,/Users/greg/Documents/mit/scifi/lawyer/code/disco/data/emails/cuilla-m/personal/3.
0,/Users/greg/Documents/mit/scifi/lawyer/code/disco/data/emails/cuilla-m/personal/4.
0,/Users/greg/Documents/mit/scifi/lawyer/code/disco/data/emails/cuilla-m/personal/9.
0,/Users/greg/Documents/mit/scifi/lawyer/code/disco/data/emails/cuilla-m/sent/1.
1,/Users/greg/Documents/mit/scifi/lawyer/code/disco/data/emails/cuilla-m/sent/10.
0,/Users/greg/Documents/mit/scifi/lawyer/code/disco/data/emails/cuilla-m/sent/11.
0,/Users/greg/Documents/mit/scifi/lawyer/code/disco/data/emails/cuilla-m/sent/12.
0,/Users/greg/Documents/mit/scifi/lawyer/code/disco/data/emails/cuilla-m/sent/13.
0,/Users/greg/Documents/mit/scifi/lawyer/code/disco/data/emails/cuilla-m/sent/14.
0,/Users/greg/Documents/mit/scifi/lawyer/code/disco/data/emails/cuilla-m/sent/15.
0,/Users/greg/Documents/mit/scifi/lawyer/code/disco/data/emails/cuilla-m/sent/16.
1,/Users/greg/Documents/mit/scifi/lawyer/code/disco/data/emails/cuilla-m/sent/2.
1,/Users/greg/Documents/mit/scifi/lawyer/code/disco/data/emails/cuilla-m/sent/3.
0,/Users/greg/Documents/mit/scifi/lawyer/code/disco/data/emails/cuilla-m/sent/4.
0,/Users/greg/Documents/mit/scifi/lawyer/code/disco/data/emails/cuilla-m/sent/5.
0,/Users/greg/Documents/mit/scifi/lawyer/code/disco/data/emails/cuilla-m/sent/6.
0,/Users/greg/Documents/mit/scifi/lawyer/code/disco/data/emails/cuilla-m/sent/7.
0,/Users/greg/Documents/mit/scifi/lawyer/code/disco/data/emails/cuilla-m/sent/8.
0,/Users/greg/Documents/mit/scifi/lawyer/code/disco/data/emails/cuilla-m/sent/9.
1,/Users/greg/Documents/mit/scifi/lawyer/code/disco/data/emails/cuilla-m/sent_items/1.
0,/Users/greg/Documents/mit/scifi/lawyer/code/disco/data/emails/cuilla-m/sent_items/10.
0,/Users/greg/Documents/mit/scifi/lawyer/code/disco/data/emails/cuilla-m/sent_items/100.
0,/Users/greg/Documents/mit/scifi/lawyer/code/disco/data/emails/cuilla-m/sent_items/101.
0,/Users/greg/Documents/mit/scifi/lawyer/code/disco/data/emails/cuilla-m/sent_items/102.
0,/Users/greg/Documents/mit/scifi/lawyer/code/disco/data/emails/cuilla-m/sent_items/103.
0,/Users/greg/Documents/mit/scifi/lawyer/code/disco/data/emails/cuilla-m/sent_items/104.
0,/Users/greg/Documents/mit/scifi/lawyer/code/disco/data/emails/cuilla-m/sent_items/105.
0,/Users/greg/Documents/mit/scifi/lawyer/code/disco/data/emails/cuilla-m/sent_items/106.
0,/Users/greg/Documents/mit/scifi/lawyer/code/disco/data/emails/cuilla-m/sent_items/107.
1,/Users/greg/Documents/mit/scifi/lawyer/code/disco/data/emails/cuilla-m/sent_items/108.
1,/Users/greg/Documents/mit/scifi/lawyer/code/disco/data/emails/cuilla-m/sent_items/109.
0,/Users/greg/Documents/mit/scifi/lawyer/code/disco/data/emails/cuilla-m/sent_items/11.
0,/Users/greg/Documents/mit/scifi/lawyer/code/disco/data/emails/cuilla-m/sent_items/110.
0,/Users/greg/Documents/mit/scifi/lawyer/code/disco/data/emails/cuilla-m/sent_items/111.
0,/Users/greg/Documents/mit/scifi/lawyer/code/disco/data/emails/cuilla-m/sent_items/112.
0,/Users/greg/Documents/mit/scifi/lawyer/code/disco/data/emails/cuilla-m/sent_items/113.
0,/Users/greg/Documents/mit/scifi/lawyer/code/disco/data/emails/cuilla-m/sent_items/114.
0,/Users/greg/Documents/mit/scifi/lawyer/code/disco/data/emails/cuilla-m/sent_items/115.
0,/Users/greg/Documents/mit/scifi/lawyer/code/disco/data/emails/cuilla-m/sent_items/116.
0,/Users/greg/Documents/mit/scifi/lawyer/code/disco/data/emails/cuilla-m/sent_items/117.
0,/Users/greg/Documents/mit/scifi/lawyer/code/disco/data/emails/cuilla-m/sent_items/118.
0,/Users/greg/Documents/mit/scifi/lawyer/code/disco/data/emails/cuilla-m/sent_items/119.
0,/Users/greg/Documents/mit/scifi/lawyer/code/disco/data/emails/cuilla-m/sent_items/12.
0,/Users/greg/Documents/mit/scifi/lawyer/code/disco/data/emails/cuilla-m/sent_items/120.
0,/Users/greg/Documents/mit/scifi/lawyer/code/disco/data/emails/cuilla-m/sent_items/121.
0,/Users/greg/Documents/mit/scifi/lawyer/code/disco/data/emails/cuilla-m/sent_items/122.
0,/Users/greg/Documents/mit/scifi/lawyer/code/disco/data/emails/cuilla-m/sent_items/123.
0,/Users/greg/Documents/mit/scifi/lawyer/code/disco/data/emails/cuilla-m/sent_items/124.
0,/Users/greg/Documents/mit/scifi/lawyer/code/disco/data/emails/cuilla-m/sent_items/125.
0,/Users/greg/Documents/mit/scifi/lawyer/code/disco/data/emails/cuilla-m/sent_items/13.
0,/Users/greg/Documents/mit/scifi/lawyer/code/disco/data/emails/cuilla-m/sent_items/14.
0,/Users/greg/Documents/mit/scifi/lawyer/code/disco/data/emails/cuilla-m/sent_items/15.
0,/Users/greg/Documents/mit/scifi/lawyer/code/disco/data/emails/cuilla-m/sent_items/159.
0,/Users/greg/Documents/mit/scifi/lawyer/code/disco/data/emails/cuilla-m/sent_items/16.
0,/Users/greg/Documents/mit/scifi/lawyer/code/disco/data/emails/cuilla-m/sent_items/160.
0,/Users/greg/Documents/mit/scifi/lawyer/code/disco/data/emails/cuilla-m/sent_items/161.
0,/Users/greg/Documents/mit/scifi/lawyer/code/disco/data/emails/cuilla-m/sent_items/162.
0,/Users/greg/Documents/mit/scifi/lawyer/code/disco/data/emails/cuilla-m/sent_items/163.
0,/Users/greg/Documents/mit/scifi/lawyer/code/disco/data/emails/cuilla-m/sent_items/164.
0,/Users/greg/Documents/mit/scifi/lawyer/code/disco/data/emails/cuilla-m/sent_items/165.
0,/Users/greg/Documents/mit/scifi/lawyer/code/disco/data/emails/cuilla-m/sent_items/166.
0,/Users/greg/Documents/mit/scifi/lawyer/code/disco/data/emails/cuilla-m/sent_items/167.
0,/Users/greg/Documents/mit/scifi/lawyer/code/disco/data/emails/cuilla-m/sent_items/168.
0,/Users/greg/Documents/mit/scifi/lawyer/code/disco/data/emails/cuilla-m/sent_items/169.
0,/Users/greg/Documents/mit/scifi/lawyer/code/disco/data/emails/cuilla-m/sent_items/17.
1,/Users/greg/Documents/mit/scifi/lawyer/code/disco/data/emails/cuilla-m/sent_items/170.
0,/Users/greg/Documents/mit/scifi/lawyer/code/disco/data/emails/cuilla-m/sent_items/171.
0,/Users/greg/Documents/mit/scifi/lawyer/code/disco/data/emails/cuilla-m/sent_items/172.
0,/Users/greg/Documents/mit/scifi/lawyer/code/disco/data/emails/cuilla-m/sent_items/174.
0,/Users/greg/Documents/mit/scifi/lawyer/code/disco/data/emails/cuilla-m/sent_items/176.
0,/Users/greg/Documents/mit/scifi/lawyer/code/disco/data/emails/cuilla-m/sent_items/18.
0,/Users/greg/Documents/mit/scifi/lawyer/code/disco/data/emails/cuilla-m/sent_items/19.
0,/Users/greg/Documents/mit/scifi/lawyer/code/disco/data/emails/cuilla-m/sent_items/2.
0,/Users/greg/Documents/mit/scifi/lawyer/code/disco/data/emails/cuilla-m/sent_items/20.
0,/Users/greg/Documents/mit/scifi/lawyer/code/disco/data/emails/cuilla-m/sent_items/21.
0,/Users/greg/Documents/mit/scifi/lawyer/code/disco/data/emails/cuilla-m/sent_items/22.
0,/Users/greg/Documents/mit/scifi/lawyer/code/disco/data/emails/cuilla-m/sent_items/23.
0,/Users/greg/Documents/mit/scifi/lawyer/code/disco/data/emails/cuilla-m/sent_items/24.
0,/Users/greg/Documents/mit/scifi/lawyer/code/disco/data/emails/cuilla-m/sent_items/25.
0,/Users/greg/Documents/mit/scifi/lawyer/code/disco/data/emails/cuilla-m/sent_items/26.
1,/Users/greg/Documents/mit/scifi/lawyer/code/disco/data/emails/cuilla-m/sent_items/27.
0,/Users/greg/Documents/mit/scifi/lawyer/code/disco/data/emails/cuilla-m/sent_items/28.
0,/Users/greg/Documents/mit/scifi/lawyer/code/disco/data/emails/cuilla-m/sent_items/29.
0,/Users/greg/Documents/mit/scifi/lawyer/code/disco/data/emails/cuilla-m/sent_items/3.
0,/Users/greg/Documents/mit/scifi/lawyer/code/disco/data/emails/cuilla-m/sent_items/30.
0,/Users/greg/Documents/mit/scifi/lawyer/code/disco/data/emails/cuilla-m/sent_items/31.
0,/Users/greg/Documents/mit/scifi/lawyer/code/disco/data/emails/cuilla-m/sent_items/32.
0,/Users/greg/Documents/mit/scifi/lawyer/code/disco/data/emails/cuilla-m/sent_items/33.
0,/Users/greg/Documents/mit/scifi/lawyer/code/disco/data/emails/cuilla-m/sent_items/34.
0,/Users/greg/Documents/mit/scifi/lawyer/code/disco/data/emails/cuilla-m/sent_items/35.
0,/Users/greg/Documents/mit/scifi/lawyer/code/disco/data/emails/cuilla-m/sent_items/36.
1,/Users/greg/Documents/mit/scifi/lawyer/code/disco/data/emails/cuilla-m/sent_items/37.
0,/Users/greg/Documents/mit/scifi/lawyer/code/disco/data/emails/cuilla-m/sent_items/38.
0,/Users/greg/Documents/mit/scifi/lawyer/code/disco/data/emails/cuilla-m/sent_items/39.
0,/Users/greg/Documents/mit/scifi/lawyer/code/disco/data/emails/cuilla-m/sent_items/4.
0,/Users/greg/Documents/mit/scifi/lawyer/code/disco/data/emails/cuilla-m/sent_items/40.
0,/Users/greg/Documents/mit/scifi/lawyer/code/disco/data/emails/cuilla-m/sent_items/41.
0,/Users/greg/Documents/mit/scifi/lawyer/code/disco/data/emails/cuilla-m/sent_items/42.
0,/Users/greg/Documents/mit/scifi/lawyer/code/disco/data/emails/cuilla-m/sent_items/43.
0,/Users/greg/Documents/mit/scifi/lawyer/code/disco/data/emails/cuilla-m/sent_items/44.
0,/Users/greg/Documents/mit/scifi/lawyer/code/disco/data/emails/cuilla-m/sent_items/45.
0,/Users/greg/Documents/mit/scifi/lawyer/code/disco/data/emails/cuilla-m/sent_items/46.
0,/Users/greg/Documents/mit/scifi/lawyer/code/disco/data/emails/cuilla-m/sent_items/47.
0,/Users/greg/Documents/mit/scifi/lawyer/code/disco/data/emails/cuilla-m/sent_items/48.
0,/Users/greg/Documents/mit/scifi/lawyer/code/disco/data/emails/cuilla-m/sent_items/49.
0,/Users/greg/Documents/mit/scifi/lawyer/code/disco/data/emails/cuilla-m/sent_items/5.
0,/Users/greg/Documents/mit/scifi/lawyer/code/disco/data/emails/cuilla-m/sent_items/50.
0,/Users/greg/Documents/mit/scifi/lawyer/code/disco/data/emails/cuilla-m/sent_items/51.
0,/Users/greg/Documents/mit/scifi/lawyer/code/disco/data/emails/cuilla-m/sent_items/52.
1,/Users/greg/Documents/mit/scifi/lawyer/code/disco/data/emails/cuilla-m/sent_items/53.
0,/Users/greg/Documents/mit/scifi/lawyer/code/disco/data/emails/cuilla-m/sent_items/54.
0,/Users/greg/Documents/mit/scifi/lawyer/code/disco/data/emails/cuilla-m/sent_items/55.
0,/Users/greg/Documents/mit/scifi/lawyer/code/disco/data/emails/cuilla-m/sent_items/56.
0,/Users/greg/Documents/mit/scifi/lawyer/code/disco/data/emails/cuilla-m/sent_items/57.
0,/Users/greg/Documents/mit/scifi/lawyer/code/disco/data/emails/cuilla-m/sent_items/59.
1,/Users/greg/Documents/mit/scifi/lawyer/code/disco/data/emails/cuilla-m/sent_items/6.
0,/Users/greg/Documents/mit/scifi/lawyer/code/disco/data/emails/cuilla-m/sent_items/60.
0,/Users/greg/Documents/mit/scifi/lawyer/code/disco/data/emails/cuilla-m/sent_items/61.
0,/Users/greg/Documents/mit/scifi/lawyer/code/disco/data/emails/cuilla-m/sent_items/62.
0,/Users/greg/Documents/mit/scifi/lawyer/code/disco/data/emails/cuilla-m/sent_items/63.
0,/Users/greg/Documents/mit/scifi/lawyer/code/disco/data/emails/cuilla-m/sent_items/64.
0,/Users/greg/Documents/mit/scifi/lawyer/code/disco/data/emails/cuilla-m/sent_items/65.
1,/Users/greg/Documents/mit/scifi/lawyer/code/disco/data/emails/cuilla-m/sent_items/66.
0,/Users/greg/Documents/mit/scifi/lawyer/code/disco/data/emails/cuilla-m/sent_items/67.
0,/Users/greg/Documents/mit/scifi/lawyer/code/disco/data/emails/cuilla-m/sent_items/68.
0,/Users/greg/Documents/mit/scifi/lawyer/code/disco/data/emails/cuilla-m/sent_items/69.
1,/Users/greg/Documents/mit/scifi/lawyer/code/disco/data/emails/cuilla-m/sent_items/7.
1,/Users/greg/Documents/mit/scifi/lawyer/code/disco/data/emails/cuilla-m/sent_items/70.
0,/Users/greg/Documents/mit/scifi/lawyer/code/disco/data/emails/cuilla-m/sent_items/71.
0,/Users/greg/Documents/mit/scifi/lawyer/code/disco/data/emails/cuilla-m/sent_items/72.
0,/Users/greg/Documents/mit/scifi/lawyer/code/disco/data/emails/cuilla-m/sent_items/73.
0,/Users/greg/Documents/mit/scifi/lawyer/code/disco/data/emails/cuilla-m/sent_items/74.
0,/Users/greg/Documents/mit/scifi/lawyer/code/disco/data/emails/cuilla-m/sent_items/75.
0,/Users/greg/Documents/mit/scifi/lawyer/code/disco/data/emails/cuilla-m/sent_items/76.
0,/Users/greg/Documents/mit/scifi/lawyer/code/disco/data/emails/cuilla-m/sent_items/77.
0,/Users/greg/Documents/mit/scifi/lawyer/code/disco/data/emails/cuilla-m/sent_items/78.
1,/Users/greg/Documents/mit/scifi/lawyer/code/disco/data/emails/cuilla-m/sent_items/79.
0,/Users/greg/Documents/mit/scifi/lawyer/code/disco/data/emails/cuilla-m/sent_items/8.
0,/Users/greg/Documents/mit/scifi/lawyer/code/disco/data/emails/cuilla-m/sent_items/80.
1,/Users/greg/Documents/mit/scifi/lawyer/code/disco/data/emails/cuilla-m/sent_items/81.
0,/Users/greg/Documents/mit/scifi/lawyer/code/disco/data/emails/cuilla-m/sent_items/82.
1,/Users/greg/Documents/mit/scifi/lawyer/code/disco/data/emails/cuilla-m/sent_items/83.
0,/Users/greg/Documents/mit/scifi/lawyer/code/disco/data/emails/cuilla-m/sent_items/84.
0,/Users/greg/Documents/mit/scifi/lawyer/code/disco/data/emails/cuilla-m/sent_items/85.
1,/Users/greg/Documents/mit/scifi/lawyer/code/disco/data/emails/cuilla-m/sent_items/86.
1,/Users/greg/Documents/mit/scifi/lawyer/code/disco/data/emails/cuilla-m/sent_items/87.
0,/Users/greg/Documents/mit/scifi/lawyer/code/disco/data/emails/cuilla-m/sent_items/88.
0,/Users/greg/Documents/mit/scifi/lawyer/code/disco/data/emails/cuilla-m/sent_items/89.
1,/Users/greg/Documents/mit/scifi/lawyer/code/disco/data/emails/cuilla-m/sent_items/9.
1,/Users/greg/Documents/mit/scifi/lawyer/code/disco/data/emails/cuilla-m/sent_items/90.
0,/Users/greg/Documents/mit/scifi/lawyer/code/disco/data/emails/cuilla-m/sent_items/91.
0,/Users/greg/Documents/mit/scifi/lawyer/code/disco/data/emails/cuilla-m/sent_items/92.
0,/Users/greg/Documents/mit/scifi/lawyer/code/disco/data/emails/cuilla-m/sent_items/93.
0,/Users/greg/Documents/mit/scifi/lawyer/code/disco/data/emails/cuilla-m/sent_items/94.
0,/Users/greg/Documents/mit/scifi/lawyer/code/disco/data/emails/cuilla-m/sent_items/95.
0,/Users/greg/Documents/mit/scifi/lawyer/code/disco/data/emails/cuilla-m/sent_items/96.
0,/Users/greg/Documents/mit/scifi/lawyer/code/disco/data/emails/cuilla-m/sent_items/97.
0,/Users/greg/Documents/mit/scifi/lawyer/code/disco/data/emails/cuilla-m/sent_items/98.
0,/Users/greg/Documents/mit/scifi/lawyer/code/disco/data/emails/cuilla-m/sent_items/99.